0 verbose cli /usr/bin/node /usr/bin/npm
1 info using npm@9.2.0
2 info using node@v20.19.2
3 timing npm:load:whichnode Completed in 0ms
4 timing config:load:defaults Completed in 1ms
5 timing config:load:file:/usr/share/nodejs/npm/npmrc Completed in 3ms
6 timing config:load:builtin Completed in 3ms
7 timing config:load:cli Completed in 1ms
8 timing config:load:env Completed in 0ms
9 timing config:load:project Completed in 2ms
10 timing config:load:file:/var/www/.npmrc Completed in 0ms
11 timing config:load:user Completed in 1ms
12 timing config:load:file:/etc/npmrc Completed in 0ms
13 timing config:load:global Completed in 0ms
14 timing config:load:setEnvs Completed in 1ms
15 timing config:load Completed in 9ms
16 timing npm:load:configload Completed in 10ms
17 timing npm:load:mkdirpcache Completed in 1ms
18 timing npm:load:mkdirplogs Completed in 0ms
19 verbose title npm install
20 verbose argv "install"
21 timing npm:load:setTitle Completed in 1ms
22 timing config:load:flatten Completed in 3ms
23 timing npm:load:display Completed in 4ms
24 verbose logfile logs-max:10 dir:/var/www/.npm/_logs/2026-01-06T20_22_29_637Z-
25 verbose logfile /var/www/.npm/_logs/2026-01-06T20_22_29_637Z-debug-0.log
26 timing npm:load:logFile Completed in 7ms
27 timing npm:load:timers Completed in 0ms
28 timing npm:load:configScope Completed in 0ms
29 timing npm:load Completed in 23ms
30 silly logfile done cleaning log files
31 timing config:load:flatten Completed in 0ms
32 timing arborist:ctor Completed in 1ms
33 timing arborist:ctor Completed in 0ms
34 timing idealTree:init Completed in 15ms
35 timing idealTree:userRequests Completed in 0ms
36 silly idealTree buildDeps
37 silly fetch manifest flowbite@^3.1.2
38 http fetch GET 200 https://registry.npmjs.org/flowbite 700ms (cache miss)
39 silly fetch manifest @tailwindcss/forms@^0.5.2
40 http fetch GET 200 https://registry.npmjs.org/@tailwindcss%2fforms 185ms (cache miss)
41 silly fetch manifest tailwindcss@^3.1.0
42 http fetch GET 200 https://registry.npmjs.org/tailwindcss 410ms (cache miss)
43 silly fetch manifest alpinejs@^3.4.2
44 http fetch GET 200 https://registry.npmjs.org/alpinejs 264ms (cache miss)
45 silly fetch manifest autoprefixer@^10.4.2
46 http fetch GET 200 https://registry.npmjs.org/autoprefixer 113ms (cache miss)
47 silly fetch manifest postcss@^8.4.31
48 http fetch GET 200 https://registry.npmjs.org/postcss 137ms (cache miss)
49 silly fetch manifest axios@^1.6.4
50 http fetch GET 200 https://registry.npmjs.org/axios 150ms (cache miss)
51 silly fetch manifest baseline-browser-mapping@^2.9.11
52 http fetch GET 200 https://registry.npmjs.org/baseline-browser-mapping 125ms (cache miss)
53 silly fetch manifest laravel-vite-plugin@^1.0.0
54 http fetch GET 200 https://registry.npmjs.org/laravel-vite-plugin 273ms (cache miss)
55 silly fetch manifest vite@^5.0.0
56 http fetch GET 200 https://registry.npmjs.org/vite 225ms (cache miss)
57 silly fetch manifest @types/node@^18.0.0 || >=20.0.0
58 http fetch GET 200 https://registry.npmjs.org/@types%2fnode 300ms (cache miss)
59 silly fetch manifest less@*
60 http fetch GET 200 https://registry.npmjs.org/less 115ms (cache miss)
61 silly fetch manifest lightningcss@^1.21.0
62 http fetch GET 200 https://registry.npmjs.org/lightningcss 305ms (cache miss)
63 silly fetch manifest sass@*
64 http fetch GET 200 https://registry.npmjs.org/sass 151ms (cache miss)
65 silly fetch manifest sass-embedded@*
66 http fetch GET 200 https://registry.npmjs.org/sass-embedded 123ms (cache miss)
67 silly fetch manifest stylus@*
68 http fetch GET 200 https://registry.npmjs.org/stylus 116ms (cache miss)
69 silly fetch manifest sugarss@*
70 http fetch GET 200 https://registry.npmjs.org/sugarss 113ms (cache miss)
71 silly fetch manifest terser@^5.4.0
72 http fetch GET 200 https://registry.npmjs.org/terser 128ms (cache miss)
73 silly placeDep ROOT @tailwindcss/forms@0.5.11 OK for:  want: ^0.5.2
74 silly placeDep ROOT tailwindcss@3.4.19 OK for: @tailwindcss/forms@0.5.11 want: >=3.0.0 || >= 3.0.0-alpha.1 || >= 4.0.0-alpha.20 || >= 4.0.0-beta.1
75 silly placeDep ROOT alpinejs@3.15.3 OK for:  want: ^3.4.2
76 silly placeDep ROOT autoprefixer@10.4.23 OK for:  want: ^10.4.2
77 silly placeDep ROOT postcss@8.5.6 OK for: autoprefixer@10.4.23 want: ^8.1.0
78 silly placeDep ROOT axios@1.13.2 OK for:  want: ^1.6.4
79 silly placeDep ROOT baseline-browser-mapping@2.9.11 OK for:  want: ^2.9.11
80 silly placeDep ROOT flowbite@3.1.2 OK for:  want: ^3.1.2
81 silly placeDep ROOT laravel-vite-plugin@1.3.0 OK for:  want: ^1.0.0
82 silly placeDep ROOT vite@5.4.21 OK for: laravel-vite-plugin@1.3.0 want: ^5.0.0 || ^6.0.0
83 silly fetch manifest mini-svg-data-uri@^1.2.3
84 silly fetch manifest arg@^5.0.2
85 silly fetch manifest dlv@^1.1.3
86 silly fetch manifest jiti@^1.21.7
87 silly fetch manifest is-glob@^4.0.3
88 silly fetch manifest resolve@^1.22.8
89 silly fetch manifest sucrase@^3.35.0
90 silly fetch manifest chokidar@^3.6.0
91 silly fetch manifest fast-glob@^3.3.2
92 silly fetch manifest lilconfig@^3.1.3
93 silly fetch manifest didyoumean@^1.2.2
94 silly fetch manifest micromatch@^4.0.8
95 silly fetch manifest picocolors@^1.1.1
96 silly fetch manifest postcss-js@^4.0.1
97 silly fetch manifest glob-parent@^6.0.2
98 silly fetch manifest object-hash@^3.0.0
99 silly fetch manifest normalize-path@^3.0.0
100 silly fetch manifest postcss-import@^15.1.0
101 silly fetch manifest postcss-nested@^6.2.0
102 silly fetch manifest @alloc/quick-lru@^5.2.0
103 silly fetch manifest postcss-load-config@^4.0.2 || ^5.0 || ^6.0
104 silly fetch manifest postcss-selector-parser@^6.1.2
105 silly fetch manifest @vue/reactivity@~3.1.1
106 silly fetch manifest browserslist@^4.28.1
107 silly fetch manifest caniuse-lite@^1.0.30001760
108 silly fetch manifest fraction.js@^5.3.4
109 silly fetch manifest postcss-value-parser@^4.2.0
110 silly fetch manifest nanoid@^3.3.11
111 silly fetch manifest source-map-js@^1.2.1
112 silly fetch manifest follow-redirects@^1.15.6
113 silly fetch manifest form-data@^4.0.4
114 silly fetch manifest proxy-from-env@^1.1.0
115 silly fetch manifest @popperjs/core@^2.9.3
116 silly fetch manifest mini-svg-data-uri@^1.4.3
117 silly fetch manifest flowbite-datepicker@^1.3.1
118 silly fetch manifest picocolors@^1.0.0
119 silly fetch manifest vite-plugin-full-reload@^1.1.0
120 silly fetch manifest rollup@^4.20.0
121 silly fetch manifest esbuild@^0.21.3
122 silly fetch manifest fsevents@~2.3.3
123 http fetch GET 200 https://registry.npmjs.org/mini-svg-data-uri 301ms (cache miss)
124 http fetch GET 200 https://registry.npmjs.org/dlv 461ms (cache miss)
125 http fetch GET 200 https://registry.npmjs.org/object-hash 453ms (cache miss)
126 http fetch GET 200 https://registry.npmjs.org/didyoumean 459ms (cache miss)
127 http fetch GET 200 https://registry.npmjs.org/picocolors 459ms (cache miss)
128 http fetch GET 200 https://registry.npmjs.org/is-glob 466ms (cache miss)
129 http fetch GET 200 https://registry.npmjs.org/arg 468ms (cache miss)
130 http fetch GET 200 https://registry.npmjs.org/glob-parent 459ms (cache miss)
131 http fetch GET 200 https://registry.npmjs.org/postcss-js 461ms (cache miss)
132 http fetch GET 200 https://registry.npmjs.org/lilconfig 465ms (cache miss)
133 http fetch GET 200 https://registry.npmjs.org/chokidar 469ms (cache miss)
134 http fetch GET 200 https://registry.npmjs.org/sucrase 472ms (cache miss)
135 http fetch GET 200 https://registry.npmjs.org/micromatch 485ms (cache miss)
136 http fetch GET 200 https://registry.npmjs.org/resolve 498ms (cache miss)
137 http fetch GET 200 https://registry.npmjs.org/jiti 507ms (cache miss)
138 http fetch GET 200 https://registry.npmjs.org/fast-glob 509ms (cache miss)
139 http fetch GET 200 https://registry.npmjs.org/normalize-path 507ms (cache miss)
140 http fetch GET 200 https://registry.npmjs.org/postcss-import 522ms (cache miss)
141 http fetch GET 200 https://registry.npmjs.org/postcss-nested 523ms (cache miss)
142 http fetch GET 200 https://registry.npmjs.org/postcss-selector-parser 523ms (cache miss)
143 http fetch GET 200 https://registry.npmjs.org/@alloc%2fquick-lru 563ms (cache miss)
144 http fetch GET 200 https://registry.npmjs.org/fraction.js 562ms (cache miss)
145 http fetch GET 200 https://registry.npmjs.org/postcss-load-config 570ms (cache miss)
146 http fetch GET 200 https://registry.npmjs.org/postcss-value-parser 566ms (cache miss)
147 http fetch GET 200 https://registry.npmjs.org/source-map-js 576ms (cache miss)
148 http fetch GET 200 https://registry.npmjs.org/nanoid 597ms (cache miss)
149 http fetch GET 200 https://registry.npmjs.org/form-data 598ms (cache miss)
150 http fetch GET 200 https://registry.npmjs.org/follow-redirects 602ms (cache miss)
151 http fetch GET 200 https://registry.npmjs.org/proxy-from-env 602ms (cache miss)
152 http fetch GET 200 https://registry.npmjs.org/mini-svg-data-uri 609ms (cache miss)
153 http fetch GET 200 https://registry.npmjs.org/@popperjs%2fcore 636ms (cache miss)
154 http fetch GET 200 https://registry.npmjs.org/picocolors 654ms (cache miss)
155 http fetch GET 200 https://registry.npmjs.org/browserslist 674ms (cache miss)
156 http fetch GET 200 https://registry.npmjs.org/fsevents 672ms (cache miss)
157 http fetch GET 200 https://registry.npmjs.org/vite-plugin-full-reload 687ms (cache miss)
158 http fetch GET 200 https://registry.npmjs.org/caniuse-lite 730ms (cache miss)
159 http fetch GET 200 https://registry.npmjs.org/esbuild 823ms (cache miss)
160 http fetch GET 200 https://registry.npmjs.org/rollup 869ms (cache miss)
161 http fetch GET 200 https://registry.npmjs.org/flowbite-datepicker 1049ms (cache miss)
162 http fetch GET 200 https://registry.npmjs.org/@vue%2freactivity 1332ms (cache miss)
163 timing idealTree:#root Completed in 5506ms
164 silly placeDep ROOT mini-svg-data-uri@1.4.4 OK for: @tailwindcss/forms@0.5.11 want: ^1.2.3
165 timing idealTree:node_modules/@tailwindcss/forms Completed in 3ms
166 silly placeDep ROOT @vue/reactivity@3.1.5 OK for: alpinejs@3.15.3 want: ~3.1.1
167 silly fetch manifest @vue/shared@3.1.5
168 http fetch GET 200 https://registry.npmjs.org/@vue%2fshared 575ms (cache miss)
169 timing idealTree:node_modules/alpinejs Completed in 582ms
170 silly placeDep ROOT @vue/shared@3.1.5 OK for: @vue/reactivity@3.1.5 want: 3.1.5
171 timing idealTree:node_modules/@vue/reactivity Completed in 5ms
172 timing idealTree:node_modules/@vue/shared Completed in 0ms
173 silly placeDep ROOT browserslist@4.28.1 OK for: autoprefixer@10.4.23 want: ^4.28.1
174 silly placeDep ROOT caniuse-lite@1.0.30001762 OK for: autoprefixer@10.4.23 want: ^1.0.30001760
175 silly placeDep ROOT fraction.js@5.3.4 OK for: autoprefixer@10.4.23 want: ^5.3.4
176 silly placeDep ROOT picocolors@1.1.1 OK for: autoprefixer@10.4.23 want: ^1.1.1
177 silly placeDep ROOT postcss-value-parser@4.2.0 OK for: autoprefixer@10.4.23 want: ^4.2.0
178 silly fetch manifest electron-to-chromium@^1.5.263
179 silly fetch manifest node-releases@^2.0.27
180 silly fetch manifest update-browserslist-db@^1.2.0
181 http fetch GET 200 https://registry.npmjs.org/node-releases 137ms (cache miss)
182 http fetch GET 200 https://registry.npmjs.org/update-browserslist-db 152ms (cache miss)
183 http fetch GET 200 https://registry.npmjs.org/electron-to-chromium 266ms (cache miss)
184 timing idealTree:node_modules/autoprefixer Completed in 306ms
185 silly placeDep ROOT follow-redirects@1.15.11 OK for: axios@1.13.2 want: ^1.15.6
186 silly placeDep ROOT form-data@4.0.5 OK for: axios@1.13.2 want: ^4.0.4
187 silly placeDep ROOT proxy-from-env@1.1.0 OK for: axios@1.13.2 want: ^1.1.0
188 silly fetch manifest asynckit@^0.4.0
189 silly fetch manifest combined-stream@^1.0.8
190 silly fetch manifest es-set-tostringtag@^2.1.0
191 silly fetch manifest hasown@^2.0.2
192 silly fetch manifest mime-types@^2.1.12
193 http fetch GET 200 https://registry.npmjs.org/combined-stream 124ms (cache miss)
194 http fetch GET 200 https://registry.npmjs.org/hasown 126ms (cache miss)
195 http fetch GET 200 https://registry.npmjs.org/asynckit 129ms (cache miss)
196 http fetch GET 200 https://registry.npmjs.org/es-set-tostringtag 129ms (cache miss)
197 http fetch GET 200 https://registry.npmjs.org/mime-types 142ms (cache miss)
198 timing idealTree:node_modules/axios Completed in 149ms
199 timing idealTree:node_modules/baseline-browser-mapping Completed in 0ms
200 silly fetch manifest browserslist@>= 4.21.0
201 silly placeDep ROOT electron-to-chromium@1.5.267 OK for: browserslist@4.28.1 want: ^1.5.263
202 silly placeDep ROOT node-releases@2.0.27 OK for: browserslist@4.28.1 want: ^2.0.27
203 silly placeDep ROOT update-browserslist-db@1.2.3 OK for: browserslist@4.28.1 want: ^1.2.0
204 silly fetch manifest escalade@^3.2.0
205 http fetch GET 200 https://registry.npmjs.org/escalade 119ms (cache miss)
206 timing idealTree:node_modules/browserslist Completed in 126ms
207 timing idealTree:node_modules/caniuse-lite Completed in 0ms
208 timing idealTree:node_modules/electron-to-chromium Completed in 0ms
209 silly placeDep ROOT @popperjs/core@2.11.8 OK for: flowbite@3.1.2 want: ^2.9.3
210 silly placeDep ROOT flowbite-datepicker@1.3.2 OK for: flowbite@3.1.2 want: ^1.3.1
211 silly fetch manifest flowbite@^2.0.0
212 silly fetch manifest @rollup/plugin-node-resolve@^15.2.3
213 http fetch GET 200 https://registry.npmjs.org/@rollup%2fplugin-node-resolve 126ms (cache miss)
214 timing idealTree:node_modules/flowbite Completed in 144ms
215 timing idealTree:node_modules/@popperjs/core Completed in 0ms
216 silly fetch manifest rollup@^2.78.0||^3.0.0||^4.0.0
217 silly placeDep ROOT @rollup/plugin-node-resolve@15.3.1 OK for: flowbite-datepicker@1.3.2 want: ^15.2.3
218 silly placeDep node_modules/flowbite-datepicker flowbite@2.5.2 OK for: flowbite-datepicker@1.3.2 want: ^2.0.0
219 silly fetch manifest resolve@^1.22.1
220 silly fetch manifest deepmerge@^4.2.2
221 silly fetch manifest is-module@^1.0.0
222 silly fetch manifest @types/resolve@1.20.2
223 silly fetch manifest @rollup/pluginutils@^5.0.1
224 http fetch GET 200 https://registry.npmjs.org/@rollup%2fpluginutils 136ms (cache miss)
225 http fetch GET 200 https://registry.npmjs.org/deepmerge 140ms (cache miss)
226 http fetch GET 200 https://registry.npmjs.org/is-module 278ms (cache miss)
227 http fetch GET 200 https://registry.npmjs.org/@types%2fresolve 426ms (cache miss)
228 timing idealTree:node_modules/flowbite-datepicker Completed in 433ms
229 silly placeDep ROOT @rollup/pluginutils@5.3.0 OK for: @rollup/plugin-node-resolve@15.3.1 want: ^5.0.1
230 silly placeDep ROOT @types/resolve@1.20.2 OK for: @rollup/plugin-node-resolve@15.3.1 want: 1.20.2
231 silly placeDep ROOT deepmerge@4.3.1 OK for: @rollup/plugin-node-resolve@15.3.1 want: ^4.2.2
232 silly placeDep ROOT is-module@1.0.0 OK for: @rollup/plugin-node-resolve@15.3.1 want: ^1.0.0
233 silly placeDep ROOT resolve@1.22.11 OK for: @rollup/plugin-node-resolve@15.3.1 want: ^1.22.1
234 silly fetch manifest @types/estree@^1.0.0
235 silly fetch manifest estree-walker@^2.0.2
236 silly fetch manifest picomatch@^4.0.2
237 silly fetch manifest is-core-module@^2.16.1
238 silly fetch manifest path-parse@^1.0.7
239 silly fetch manifest supports-preserve-symlinks-flag@^1.0.0
240 http fetch GET 200 https://registry.npmjs.org/picomatch 116ms (cache miss)
241 http fetch GET 200 https://registry.npmjs.org/estree-walker 118ms (cache miss)
242 http fetch GET 200 https://registry.npmjs.org/is-core-module 127ms (cache miss)
243 http fetch GET 200 https://registry.npmjs.org/path-parse 148ms (cache miss)
244 http fetch GET 200 https://registry.npmjs.org/@types%2festree 153ms (cache miss)
245 http fetch GET 200 https://registry.npmjs.org/supports-preserve-symlinks-flag 151ms (cache miss)
246 timing idealTree:node_modules/@rollup/plugin-node-resolve Completed in 164ms
247 silly placeDep ROOT @types/estree@1.0.8 OK for: @rollup/pluginutils@5.3.0 want: ^1.0.0
248 silly placeDep ROOT estree-walker@2.0.2 OK for: @rollup/pluginutils@5.3.0 want: ^2.0.2
249 silly placeDep ROOT picomatch@4.0.3 OK for: @rollup/pluginutils@5.3.0 want: ^4.0.2
250 timing idealTree:node_modules/@rollup/pluginutils Completed in 4ms
251 timing idealTree:node_modules/@types/estree Completed in 0ms
252 timing idealTree:node_modules/@types/resolve Completed in 0ms
253 timing idealTree:node_modules/deepmerge Completed in 0ms
254 timing idealTree:node_modules/estree-walker Completed in 0ms
255 timing idealTree:node_modules/follow-redirects Completed in 0ms
256 silly placeDep ROOT asynckit@0.4.0 OK for: form-data@4.0.5 want: ^0.4.0
257 silly placeDep ROOT combined-stream@1.0.8 OK for: form-data@4.0.5 want: ^1.0.8
258 silly placeDep ROOT es-set-tostringtag@2.1.0 OK for: form-data@4.0.5 want: ^2.1.0
259 silly placeDep ROOT hasown@2.0.2 OK for: form-data@4.0.5 want: ^2.0.2
260 silly placeDep ROOT mime-types@2.1.35 OK for: form-data@4.0.5 want: ^2.1.12
261 silly fetch manifest delayed-stream@~1.0.0
262 silly fetch manifest es-errors@^1.3.0
263 silly fetch manifest get-intrinsic@^1.2.6
264 silly fetch manifest has-tostringtag@^1.0.2
265 silly fetch manifest function-bind@^1.1.2
266 silly fetch manifest mime-db@1.52.0
267 http fetch GET 200 https://registry.npmjs.org/es-errors 111ms (cache miss)
268 http fetch GET 200 https://registry.npmjs.org/delayed-stream 131ms (cache miss)
269 http fetch GET 200 https://registry.npmjs.org/has-tostringtag 129ms (cache miss)
270 http fetch GET 200 https://registry.npmjs.org/mime-db 130ms (cache miss)
271 http fetch GET 200 https://registry.npmjs.org/get-intrinsic 140ms (cache miss)
272 http fetch GET 200 https://registry.npmjs.org/function-bind 139ms (cache miss)
273 timing idealTree:node_modules/form-data Completed in 154ms
274 timing idealTree:node_modules/asynckit Completed in 0ms
275 silly placeDep ROOT delayed-stream@1.0.0 OK for: combined-stream@1.0.8 want: ~1.0.0
276 timing idealTree:node_modules/combined-stream Completed in 3ms
277 timing idealTree:node_modules/delayed-stream Completed in 0ms
278 silly placeDep ROOT es-errors@1.3.0 OK for: es-set-tostringtag@2.1.0 want: ^1.3.0
279 silly placeDep ROOT get-intrinsic@1.3.0 OK for: es-set-tostringtag@2.1.0 want: ^1.2.6
280 silly placeDep ROOT has-tostringtag@1.0.2 OK for: es-set-tostringtag@2.1.0 want: ^1.0.2
281 silly fetch manifest gopd@^1.2.0
282 silly fetch manifest get-proto@^1.0.1
283 silly fetch manifest has-symbols@^1.1.0
284 silly fetch manifest es-object-atoms@^1.1.1
285 silly fetch manifest math-intrinsics@^1.1.0
286 silly fetch manifest es-define-property@^1.0.1
287 silly fetch manifest call-bind-apply-helpers@^1.0.2
288 silly fetch manifest has-symbols@^1.0.3
289 http fetch GET 200 https://registry.npmjs.org/es-object-atoms 127ms (cache miss)
290 http fetch GET 200 https://registry.npmjs.org/has-symbols 130ms (cache miss)
291 http fetch GET 200 https://registry.npmjs.org/gopd 133ms (cache miss)
292 http fetch GET 200 https://registry.npmjs.org/call-bind-apply-helpers 128ms (cache miss)
293 http fetch GET 200 https://registry.npmjs.org/has-symbols 127ms (cache miss)
294 http fetch GET 200 https://registry.npmjs.org/math-intrinsics 132ms (cache miss)
295 http fetch GET 200 https://registry.npmjs.org/es-define-property 145ms (cache miss)
296 http fetch GET 200 https://registry.npmjs.org/get-proto 170ms (cache miss)
297 timing idealTree:node_modules/es-set-tostringtag Completed in 180ms
298 timing idealTree:node_modules/es-errors Completed in 0ms
299 timing idealTree:node_modules/fraction.js Completed in 0ms
300 silly placeDep ROOT call-bind-apply-helpers@1.0.2 OK for: get-intrinsic@1.3.0 want: ^1.0.2
301 silly placeDep ROOT es-define-property@1.0.1 OK for: get-intrinsic@1.3.0 want: ^1.0.1
302 silly placeDep ROOT es-object-atoms@1.1.1 OK for: get-intrinsic@1.3.0 want: ^1.1.1
303 silly placeDep ROOT function-bind@1.1.2 OK for: get-intrinsic@1.3.0 want: ^1.1.2
304 silly placeDep ROOT get-proto@1.0.1 OK for: get-intrinsic@1.3.0 want: ^1.0.1
305 silly placeDep ROOT gopd@1.2.0 OK for: get-intrinsic@1.3.0 want: ^1.2.0
306 silly placeDep ROOT has-symbols@1.1.0 OK for: get-intrinsic@1.3.0 want: ^1.1.0
307 silly placeDep ROOT math-intrinsics@1.1.0 OK for: get-intrinsic@1.3.0 want: ^1.1.0
308 silly fetch manifest dunder-proto@^1.0.1
309 http fetch GET 200 https://registry.npmjs.org/dunder-proto 131ms (cache miss)
310 timing idealTree:node_modules/get-intrinsic Completed in 145ms
311 timing idealTree:node_modules/call-bind-apply-helpers Completed in 1ms
312 timing idealTree:node_modules/es-define-property Completed in 0ms
313 timing idealTree:node_modules/es-object-atoms Completed in 0ms
314 timing idealTree:node_modules/function-bind Completed in 0ms
315 silly placeDep ROOT dunder-proto@1.0.1 OK for: get-proto@1.0.1 want: ^1.0.1
316 timing idealTree:node_modules/get-proto Completed in 7ms
317 timing idealTree:node_modules/dunder-proto Completed in 0ms
318 timing idealTree:node_modules/gopd Completed in 1ms
319 timing idealTree:node_modules/has-symbols Completed in 0ms
320 timing idealTree:node_modules/has-tostringtag Completed in 0ms
321 timing idealTree:node_modules/hasown Completed in 0ms
322 timing idealTree:node_modules/is-module Completed in 0ms
323 silly placeDep ROOT vite-plugin-full-reload@1.2.0 OK for: laravel-vite-plugin@1.3.0 want: ^1.1.0
324 silly fetch manifest picomatch@^2.3.1
325 timing idealTree:node_modules/laravel-vite-plugin Completed in 9ms
326 timing idealTree:node_modules/math-intrinsics Completed in 0ms
327 silly placeDep ROOT mime-db@1.52.0 OK for: mime-types@2.1.35 want: 1.52.0
328 timing idealTree:node_modules/mime-types Completed in 4ms
329 timing idealTree:node_modules/mime-db Completed in 0ms
330 timing idealTree:node_modules/mini-svg-data-uri Completed in 1ms
331 timing idealTree:node_modules/node-releases Completed in 0ms
332 timing idealTree:node_modules/picocolors Completed in 0ms
333 timing idealTree:node_modules/picomatch Completed in 0ms
334 silly placeDep ROOT nanoid@3.3.11 OK for: postcss@8.5.6 want: ^3.3.11
335 silly placeDep ROOT source-map-js@1.2.1 OK for: postcss@8.5.6 want: ^1.2.1
336 timing idealTree:node_modules/postcss Completed in 7ms
337 timing idealTree:node_modules/nanoid Completed in 0ms
338 timing idealTree:node_modules/postcss-value-parser Completed in 0ms
339 timing idealTree:node_modules/proxy-from-env Completed in 0ms
340 silly placeDep ROOT is-core-module@2.16.1 OK for: resolve@1.22.11 want: ^2.16.1
341 silly placeDep ROOT path-parse@1.0.7 OK for: resolve@1.22.11 want: ^1.0.7
342 silly placeDep ROOT supports-preserve-symlinks-flag@1.0.0 OK for: resolve@1.22.11 want: ^1.0.0
343 timing idealTree:node_modules/resolve Completed in 9ms
344 timing idealTree:node_modules/is-core-module Completed in 0ms
345 timing idealTree:node_modules/path-parse Completed in 0ms
346 timing idealTree:node_modules/source-map-js Completed in 0ms
347 timing idealTree:node_modules/supports-preserve-symlinks-flag Completed in 1ms
348 silly fetch manifest postcss@^8.4.47
349 silly fetch manifest tsx@^4.8.1
350 http fetch GET 200 https://registry.npmjs.org/tsx 114ms (cache miss)
351 silly fetch manifest yaml@^2.4.2
352 http fetch GET 200 https://registry.npmjs.org/yaml 120ms (cache miss)
353 silly placeDep ROOT @alloc/quick-lru@5.2.0 OK for: tailwindcss@3.4.19 want: ^5.2.0
354 silly placeDep ROOT arg@5.0.2 OK for: tailwindcss@3.4.19 want: ^5.0.2
355 silly placeDep ROOT chokidar@3.6.0 OK for: tailwindcss@3.4.19 want: ^3.6.0
356 silly placeDep ROOT didyoumean@1.2.2 OK for: tailwindcss@3.4.19 want: ^1.2.2
357 silly placeDep ROOT dlv@1.1.3 OK for: tailwindcss@3.4.19 want: ^1.1.3
358 silly placeDep ROOT fast-glob@3.3.3 OK for: tailwindcss@3.4.19 want: ^3.3.2
359 silly placeDep ROOT glob-parent@6.0.2 OK for: tailwindcss@3.4.19 want: ^6.0.2
360 silly placeDep ROOT is-glob@4.0.3 OK for: tailwindcss@3.4.19 want: ^4.0.3
361 silly placeDep ROOT jiti@1.21.7 OK for: tailwindcss@3.4.19 want: ^1.21.7
362 silly placeDep ROOT lilconfig@3.1.3 OK for: tailwindcss@3.4.19 want: ^3.1.3
363 silly placeDep ROOT micromatch@4.0.8 OK for: tailwindcss@3.4.19 want: ^4.0.8
364 silly placeDep ROOT normalize-path@3.0.0 OK for: tailwindcss@3.4.19 want: ^3.0.0
365 silly placeDep ROOT object-hash@3.0.0 OK for: tailwindcss@3.4.19 want: ^3.0.0
366 silly placeDep ROOT postcss-import@15.1.0 OK for: tailwindcss@3.4.19 want: ^15.1.0
367 silly placeDep ROOT postcss-js@4.1.0 OK for: tailwindcss@3.4.19 want: ^4.0.1
368 silly placeDep ROOT postcss-load-config@6.0.1 OK for: tailwindcss@3.4.19 want: ^4.0.2 || ^5.0 || ^6.0
369 silly placeDep ROOT postcss-nested@6.2.0 OK for: tailwindcss@3.4.19 want: ^6.2.0
370 silly placeDep ROOT postcss-selector-parser@6.1.2 OK for: tailwindcss@3.4.19 want: ^6.1.2
371 silly placeDep ROOT sucrase@3.35.1 OK for: tailwindcss@3.4.19 want: ^3.35.0
372 silly fetch manifest braces@~3.0.2
373 silly fetch manifest anymatch@~3.1.2
374 silly fetch manifest readdirp@~3.6.0
375 silly fetch manifest glob-parent@~5.1.2
376 silly fetch manifest is-binary-path@~2.1.0
377 silly fetch manifest fsevents@~2.3.2
378 silly fetch manifest @nodelib/fs.stat@^2.0.2
379 silly fetch manifest @nodelib/fs.walk@^1.2.3
380 silly fetch manifest glob-parent@^5.1.2
381 silly fetch manifest merge2@^1.3.0
382 silly fetch manifest is-extglob@^2.1.1
383 silly fetch manifest braces@^3.0.3
384 silly fetch manifest read-cache@^1.0.0
385 silly fetch manifest camelcase-css@^2.0.1
386 silly fetch manifest cssesc@^3.0.0
387 silly fetch manifest util-deprecate@^1.0.2
388 silly fetch manifest @jridgewell/gen-mapping@^0.3.2
389 silly fetch manifest commander@^4.0.0
390 silly fetch manifest lines-and-columns@^1.1.6
391 silly fetch manifest mz@^2.7.0
392 silly fetch manifest pirates@^4.0.1
393 silly fetch manifest tinyglobby@^0.2.11
394 silly fetch manifest ts-interface-checker@^0.1.9
395 http fetch GET 200 https://registry.npmjs.org/braces 126ms (cache miss)
396 http fetch GET 200 https://registry.npmjs.org/util-deprecate 125ms (cache miss)
397 http fetch GET 200 https://registry.npmjs.org/anymatch 141ms (cache miss)
398 http fetch GET 200 https://registry.npmjs.org/is-binary-path 151ms (cache miss)
399 http fetch GET 200 https://registry.npmjs.org/read-cache 147ms (cache miss)
400 http fetch GET 200 https://registry.npmjs.org/camelcase-css 147ms (cache miss)
401 http fetch GET 200 https://registry.npmjs.org/readdirp 158ms (cache miss)
402 http fetch GET 200 https://registry.npmjs.org/@nodelib%2ffs.walk 153ms (cache miss)
403 http fetch GET 200 https://registry.npmjs.org/merge2 153ms (cache miss)
404 http fetch GET 200 https://registry.npmjs.org/cssesc 150ms (cache miss)
405 http fetch GET 200 https://registry.npmjs.org/is-extglob 154ms (cache miss)
406 http fetch GET 200 https://registry.npmjs.org/commander 150ms (cache miss)
407 http fetch GET 200 https://registry.npmjs.org/@nodelib%2ffs.stat 166ms (cache miss)
408 http fetch GET 200 https://registry.npmjs.org/tinyglobby 223ms (cache miss)
409 http fetch GET 200 https://registry.npmjs.org/lines-and-columns 225ms (cache miss)
410 http fetch GET 200 https://registry.npmjs.org/pirates 227ms (cache miss)
411 http fetch GET 200 https://registry.npmjs.org/@jridgewell%2fgen-mapping 309ms (cache miss)
412 http fetch GET 200 https://registry.npmjs.org/mz 379ms (cache miss)
413 http fetch GET 200 https://registry.npmjs.org/ts-interface-checker 417ms (cache miss)
414 http fetch GET 200 https://registry.npmjs.org/braces 494ms (cache miss)
415 timing idealTree:node_modules/tailwindcss Completed in 810ms
416 timing idealTree:node_modules/@alloc/quick-lru Completed in 0ms
417 timing idealTree:node_modules/arg Completed in 0ms
418 silly placeDep ROOT anymatch@3.1.3 OK for: chokidar@3.6.0 want: ~3.1.2
419 silly placeDep ROOT braces@3.0.3 OK for: chokidar@3.6.0 want: ~3.0.2
420 silly placeDep ROOT fsevents@2.3.3 OK for: chokidar@3.6.0 want: ~2.3.2
421 silly placeDep node_modules/chokidar glob-parent@5.1.2 OK for: chokidar@3.6.0 want: ~5.1.2
422 silly placeDep ROOT is-binary-path@2.1.0 OK for: chokidar@3.6.0 want: ~2.1.0
423 silly placeDep ROOT readdirp@3.6.0 OK for: chokidar@3.6.0 want: ~3.6.0
424 silly fetch manifest picomatch@^2.0.4
425 silly fetch manifest fill-range@^7.1.1
426 silly fetch manifest binary-extensions@^2.0.0
427 silly fetch manifest picomatch@^2.2.1
428 http fetch GET 200 https://registry.npmjs.org/binary-extensions 164ms (cache miss)
429 http fetch GET 200 https://registry.npmjs.org/fill-range 219ms (cache miss)
430 timing idealTree:node_modules/chokidar Completed in 229ms
431 silly placeDep node_modules/anymatch picomatch@2.3.1 OK for: anymatch@3.1.3 want: ^2.0.4
432 timing idealTree:node_modules/anymatch Completed in 6ms
433 silly placeDep ROOT fill-range@7.1.1 OK for: braces@3.0.3 want: ^7.1.1
434 silly fetch manifest to-regex-range@^5.0.1
435 http fetch GET 200 https://registry.npmjs.org/to-regex-range 200ms (cache miss)
436 timing idealTree:node_modules/braces Completed in 208ms
437 timing idealTree:node_modules/didyoumean Completed in 0ms
438 timing idealTree:node_modules/dlv Completed in 0ms
439 silly placeDep ROOT @nodelib/fs.stat@2.0.5 OK for: fast-glob@3.3.3 want: ^2.0.2
440 silly placeDep ROOT @nodelib/fs.walk@1.2.8 OK for: fast-glob@3.3.3 want: ^1.2.3
441 silly placeDep node_modules/fast-glob glob-parent@5.1.2 OK for: fast-glob@3.3.3 want: ^5.1.2
442 silly placeDep ROOT merge2@1.4.1 OK for: fast-glob@3.3.3 want: ^1.3.0
443 silly fetch manifest fastq@^1.6.0
444 silly fetch manifest @nodelib/fs.scandir@2.1.5
445 http fetch GET 200 https://registry.npmjs.org/@nodelib%2ffs.scandir 172ms (cache miss)
446 http fetch GET 200 https://registry.npmjs.org/fastq 213ms (cache miss)
447 timing idealTree:node_modules/fast-glob Completed in 226ms
448 timing idealTree:node_modules/@nodelib/fs.stat Completed in 0ms
449 silly placeDep ROOT @nodelib/fs.scandir@2.1.5 OK for: @nodelib/fs.walk@1.2.8 want: 2.1.5
450 silly placeDep ROOT fastq@1.20.1 OK for: @nodelib/fs.walk@1.2.8 want: ^1.6.0
451 silly fetch manifest run-parallel@^1.1.9
452 silly fetch manifest reusify@^1.0.4
453 http fetch GET 200 https://registry.npmjs.org/run-parallel 200ms (cache miss)
454 http fetch GET 200 https://registry.npmjs.org/reusify 267ms (cache miss)
455 timing idealTree:node_modules/@nodelib/fs.walk Completed in 285ms
456 silly placeDep ROOT run-parallel@1.2.0 OK for: @nodelib/fs.scandir@2.1.5 want: ^1.1.9
457 silly fetch manifest queue-microtask@^1.2.2
458 http fetch GET 200 https://registry.npmjs.org/queue-microtask 115ms (cache miss)
459 timing idealTree:node_modules/@nodelib/fs.scandir Completed in 122ms
460 silly placeDep ROOT reusify@1.1.0 OK for: fastq@1.20.1 want: ^1.0.4
461 timing idealTree:node_modules/fastq Completed in 4ms
462 silly placeDep ROOT to-regex-range@5.0.1 OK for: fill-range@7.1.1 want: ^5.0.1
463 silly fetch manifest is-number@^7.0.0
464 http fetch GET 200 https://registry.npmjs.org/is-number 112ms (cache miss)
465 timing idealTree:node_modules/fill-range Completed in 119ms
466 timing idealTree:node_modules/fsevents Completed in 0ms
467 timing idealTree:node_modules/glob-parent Completed in 0ms
468 silly placeDep ROOT binary-extensions@2.3.0 OK for: is-binary-path@2.1.0 want: ^2.0.0
469 timing idealTree:node_modules/is-binary-path Completed in 5ms
470 timing idealTree:node_modules/binary-extensions Completed in 0ms
471 silly placeDep ROOT is-extglob@2.1.1 OK for: is-glob@4.0.3 want: ^2.1.1
472 timing idealTree:node_modules/is-glob Completed in 5ms
473 timing idealTree:node_modules/is-extglob Completed in 0ms
474 timing idealTree:node_modules/jiti Completed in 0ms
475 timing idealTree:node_modules/lilconfig Completed in 0ms
476 timing idealTree:node_modules/merge2 Completed in 0ms
477 silly placeDep node_modules/micromatch picomatch@2.3.1 OK for: micromatch@4.0.8 want: ^2.3.1
478 timing idealTree:node_modules/micromatch Completed in 7ms
479 timing idealTree:node_modules/normalize-path Completed in 0ms
480 timing idealTree:node_modules/object-hash Completed in 0ms
481 silly placeDep ROOT read-cache@1.0.0 OK for: postcss-import@15.1.0 want: ^1.0.0
482 silly fetch manifest pify@^2.3.0
483 http fetch GET 200 https://registry.npmjs.org/pify 113ms (cache miss)
484 timing idealTree:node_modules/postcss-import Completed in 121ms
485 silly placeDep ROOT camelcase-css@2.0.1 OK for: postcss-js@4.1.0 want: ^2.0.1
486 timing idealTree:node_modules/postcss-js Completed in 5ms
487 timing idealTree:node_modules/camelcase-css Completed in 0ms
488 timing idealTree:node_modules/postcss-load-config Completed in 0ms
489 timing idealTree:node_modules/postcss-nested Completed in 0ms
490 silly placeDep ROOT cssesc@3.0.0 OK for: postcss-selector-parser@6.1.2 want: ^3.0.0
491 silly placeDep ROOT util-deprecate@1.0.2 OK for: postcss-selector-parser@6.1.2 want: ^1.0.2
492 timing idealTree:node_modules/postcss-selector-parser Completed in 10ms
493 timing idealTree:node_modules/cssesc Completed in 0ms
494 silly placeDep ROOT pify@2.3.0 OK for: read-cache@1.0.0 want: ^2.3.0
495 timing idealTree:node_modules/read-cache Completed in 5ms
496 timing idealTree:node_modules/pify Completed in 0ms
497 silly placeDep node_modules/readdirp picomatch@2.3.1 OK for: readdirp@3.6.0 want: ^2.2.1
498 timing idealTree:node_modules/readdirp Completed in 6ms
499 timing idealTree:node_modules/reusify Completed in 0ms
500 silly placeDep ROOT queue-microtask@1.2.3 OK for: run-parallel@1.2.0 want: ^1.2.2
501 timing idealTree:node_modules/run-parallel Completed in 3ms
502 timing idealTree:node_modules/queue-microtask Completed in 0ms
503 silly placeDep ROOT @jridgewell/gen-mapping@0.3.13 OK for: sucrase@3.35.1 want: ^0.3.2
504 silly placeDep ROOT commander@4.1.1 OK for: sucrase@3.35.1 want: ^4.0.0
505 silly placeDep ROOT lines-and-columns@1.2.4 OK for: sucrase@3.35.1 want: ^1.1.6
506 silly placeDep ROOT mz@2.7.0 OK for: sucrase@3.35.1 want: ^2.7.0
507 silly placeDep ROOT pirates@4.0.7 OK for: sucrase@3.35.1 want: ^4.0.1
508 silly placeDep ROOT tinyglobby@0.2.15 OK for: sucrase@3.35.1 want: ^0.2.11
509 silly placeDep ROOT ts-interface-checker@0.1.13 OK for: sucrase@3.35.1 want: ^0.1.9
510 silly fetch manifest @jridgewell/sourcemap-codec@^1.5.0
511 silly fetch manifest @jridgewell/trace-mapping@^0.3.24
512 silly fetch manifest any-promise@^1.0.0
513 silly fetch manifest object-assign@^4.0.1
514 silly fetch manifest thenify-all@^1.0.0
515 silly fetch manifest fdir@^6.5.0
516 http fetch GET 200 https://registry.npmjs.org/object-assign 132ms (cache miss)
517 http fetch GET 200 https://registry.npmjs.org/@jridgewell%2fsourcemap-codec 137ms (cache miss)
518 http fetch GET 200 https://registry.npmjs.org/thenify-all 132ms (cache miss)
519 http fetch GET 200 https://registry.npmjs.org/any-promise 169ms (cache miss)
520 http fetch GET 200 https://registry.npmjs.org/@jridgewell%2ftrace-mapping 175ms (cache miss)
521 http fetch GET 200 https://registry.npmjs.org/fdir 241ms (cache miss)
522 timing idealTree:node_modules/sucrase Completed in 270ms
523 silly placeDep ROOT @jridgewell/sourcemap-codec@1.5.5 OK for: @jridgewell/gen-mapping@0.3.13 want: ^1.5.0
524 silly placeDep ROOT @jridgewell/trace-mapping@0.3.31 OK for: @jridgewell/gen-mapping@0.3.13 want: ^0.3.24
525 silly fetch manifest @jridgewell/resolve-uri@^3.1.0
526 http fetch GET 200 https://registry.npmjs.org/@jridgewell%2fresolve-uri 192ms (cache miss)
527 timing idealTree:node_modules/@jridgewell/gen-mapping Completed in 205ms
528 timing idealTree:node_modules/@jridgewell/sourcemap-codec Completed in 0ms
529 silly placeDep ROOT @jridgewell/resolve-uri@3.1.2 OK for: @jridgewell/trace-mapping@0.3.31 want: ^3.1.0
530 timing idealTree:node_modules/@jridgewell/trace-mapping Completed in 5ms
531 timing idealTree:node_modules/@jridgewell/resolve-uri Completed in 0ms
532 timing idealTree:node_modules/commander Completed in 0ms
533 timing idealTree:node_modules/lines-and-columns Completed in 0ms
534 silly placeDep ROOT any-promise@1.3.0 OK for: mz@2.7.0 want: ^1.0.0
535 silly placeDep ROOT object-assign@4.1.1 OK for: mz@2.7.0 want: ^4.0.1
536 silly placeDep ROOT thenify-all@1.6.0 OK for: mz@2.7.0 want: ^1.0.0
537 silly fetch manifest thenify@>= 3.1.0 < 4
538 http fetch GET 200 https://registry.npmjs.org/thenify 138ms (cache miss)
539 timing idealTree:node_modules/mz Completed in 155ms
540 timing idealTree:node_modules/any-promise Completed in 0ms
541 timing idealTree:node_modules/object-assign Completed in 0ms
542 timing idealTree:node_modules/pirates Completed in 0ms
543 silly placeDep ROOT thenify@3.3.1 OK for: thenify-all@1.6.0 want: >= 3.1.0 < 4
544 timing idealTree:node_modules/thenify-all Completed in 6ms
545 timing idealTree:node_modules/thenify Completed in 0ms
546 silly fetch manifest picomatch@^4.0.3
547 silly placeDep ROOT fdir@6.5.0 OK for: tinyglobby@0.2.15 want: ^6.5.0
548 timing idealTree:node_modules/tinyglobby Completed in 12ms
549 timing idealTree:node_modules/fdir Completed in 0ms
550 silly placeDep ROOT is-number@7.0.0 OK for: to-regex-range@5.0.1 want: ^7.0.0
551 timing idealTree:node_modules/to-regex-range Completed in 2ms
552 timing idealTree:node_modules/is-number Completed in 0ms
553 timing idealTree:node_modules/ts-interface-checker Completed in 0ms
554 silly placeDep ROOT escalade@3.2.0 OK for: update-browserslist-db@1.2.3 want: ^3.2.0
555 timing idealTree:node_modules/update-browserslist-db Completed in 1ms
556 timing idealTree:node_modules/escalade Completed in 0ms
557 timing idealTree:node_modules/util-deprecate Completed in 0ms
558 silly placeDep ROOT esbuild@0.21.5 OK for: vite@5.4.21 want: ^0.21.3
559 silly placeDep ROOT rollup@4.55.1 OK for: vite@5.4.21 want: ^4.20.0
560 silly fetch manifest @esbuild/aix-ppc64@0.21.5
561 silly fetch manifest @esbuild/linux-arm@0.21.5
562 silly fetch manifest @esbuild/linux-x64@0.21.5
563 silly fetch manifest @esbuild/sunos-x64@0.21.5
564 silly fetch manifest @esbuild/win32-x64@0.21.5
565 silly fetch manifest @esbuild/darwin-x64@0.21.5
566 silly fetch manifest @esbuild/linux-ia32@0.21.5
567 silly fetch manifest @esbuild/netbsd-x64@0.21.5
568 silly fetch manifest @esbuild/win32-ia32@0.21.5
569 silly fetch manifest @esbuild/android-arm@0.21.5
570 silly fetch manifest @esbuild/android-x64@0.21.5
571 silly fetch manifest @esbuild/freebsd-x64@0.21.5
572 silly fetch manifest @esbuild/linux-arm64@0.21.5
573 silly fetch manifest @esbuild/linux-ppc64@0.21.5
574 silly fetch manifest @esbuild/linux-s390x@0.21.5
575 silly fetch manifest @esbuild/openbsd-x64@0.21.5
576 silly fetch manifest @esbuild/win32-arm64@0.21.5
577 silly fetch manifest @esbuild/darwin-arm64@0.21.5
578 silly fetch manifest @esbuild/android-arm64@0.21.5
579 silly fetch manifest @esbuild/freebsd-arm64@0.21.5
580 silly fetch manifest @esbuild/linux-loong64@0.21.5
581 silly fetch manifest @esbuild/linux-riscv64@0.21.5
582 silly fetch manifest @esbuild/linux-mips64el@0.21.5
583 silly fetch manifest @rollup/rollup-darwin-arm64@4.55.1
584 silly fetch manifest @rollup/rollup-android-arm64@4.55.1
585 silly fetch manifest @rollup/rollup-win32-arm64-msvc@4.55.1
586 silly fetch manifest @rollup/rollup-freebsd-arm64@4.55.1
587 silly fetch manifest @rollup/rollup-linux-arm64-gnu@4.55.1
588 silly fetch manifest @rollup/rollup-linux-arm64-musl@4.55.1
589 silly fetch manifest @rollup/rollup-android-arm-eabi@4.55.1
590 silly fetch manifest @rollup/rollup-linux-arm-gnueabihf@4.55.1
591 silly fetch manifest @rollup/rollup-linux-arm-musleabihf@4.55.1
592 silly fetch manifest @rollup/rollup-win32-ia32-msvc@4.55.1
593 silly fetch manifest @rollup/rollup-linux-loong64-gnu@4.55.1
594 silly fetch manifest @rollup/rollup-linux-loong64-musl@4.55.1
595 silly fetch manifest @rollup/rollup-linux-riscv64-gnu@4.55.1
596 silly fetch manifest @rollup/rollup-linux-riscv64-musl@4.55.1
597 silly fetch manifest @rollup/rollup-linux-ppc64-gnu@4.55.1
598 silly fetch manifest @rollup/rollup-linux-ppc64-musl@4.55.1
599 silly fetch manifest @rollup/rollup-linux-s390x-gnu@4.55.1
600 silly fetch manifest @rollup/rollup-darwin-x64@4.55.1
601 silly fetch manifest @rollup/rollup-win32-x64-gnu@4.55.1
602 silly fetch manifest @rollup/rollup-win32-x64-msvc@4.55.1
603 silly fetch manifest @rollup/rollup-freebsd-x64@4.55.1
604 silly fetch manifest @rollup/rollup-linux-x64-gnu@4.55.1
605 silly fetch manifest @rollup/rollup-linux-x64-musl@4.55.1
606 silly fetch manifest @rollup/rollup-openbsd-x64@4.55.1
607 silly fetch manifest @rollup/rollup-openharmony-arm64@4.55.1
608 http fetch GET 200 https://registry.npmjs.org/@esbuild%2fandroid-x64 184ms (cache miss)
609 http fetch GET 200 https://registry.npmjs.org/@esbuild%2fdarwin-x64 197ms (cache miss)
610 http fetch GET 200 https://registry.npmjs.org/@esbuild%2fsunos-x64 201ms (cache miss)
611 http fetch GET 200 https://registry.npmjs.org/@esbuild%2faix-ppc64 204ms (cache miss)
612 http fetch GET 200 https://registry.npmjs.org/@esbuild%2flinux-arm 207ms (cache miss)
613 http fetch GET 200 https://registry.npmjs.org/@esbuild%2fwin32-x64 206ms (cache miss)
614 http fetch GET 200 https://registry.npmjs.org/@esbuild%2flinux-ppc64 202ms (cache miss)
615 http fetch GET 200 https://registry.npmjs.org/@esbuild%2fwin32-ia32 206ms (cache miss)
616 http fetch GET 200 https://registry.npmjs.org/@esbuild%2ffreebsd-x64 205ms (cache miss)
617 http fetch GET 200 https://registry.npmjs.org/@esbuild%2flinux-arm64 205ms (cache miss)
618 http fetch GET 200 https://registry.npmjs.org/@esbuild%2flinux-ia32 209ms (cache miss)
619 http fetch GET 200 https://registry.npmjs.org/@esbuild%2flinux-s390x 266ms (cache miss)
620 http fetch GET 200 https://registry.npmjs.org/@esbuild%2flinux-x64 279ms (cache miss)
621 http fetch GET 200 https://registry.npmjs.org/@esbuild%2fandroid-arm 276ms (cache miss)
622 http fetch GET 200 https://registry.npmjs.org/@esbuild%2fopenbsd-x64 279ms (cache miss)
623 http fetch GET 200 https://registry.npmjs.org/@esbuild%2flinux-riscv64 291ms (cache miss)
624 http fetch GET 200 https://registry.npmjs.org/@esbuild%2fwin32-arm64 303ms (cache miss)
625 http fetch GET 200 https://registry.npmjs.org/@esbuild%2fdarwin-arm64 303ms (cache miss)
626 http fetch GET 200 https://registry.npmjs.org/@esbuild%2flinux-loong64 305ms (cache miss)
627 http fetch GET 200 https://registry.npmjs.org/@esbuild%2ffreebsd-arm64 315ms (cache miss)
628 http fetch GET 200 https://registry.npmjs.org/@rollup%2frollup-darwin-arm64 316ms (cache miss)
629 http fetch GET 200 https://registry.npmjs.org/@rollup%2frollup-android-arm64 316ms (cache miss)
630 http fetch GET 200 https://registry.npmjs.org/@esbuild%2flinux-mips64el 320ms (cache miss)
631 http fetch GET 200 https://registry.npmjs.org/@esbuild%2fnetbsd-x64 354ms (cache miss)
632 http fetch GET 200 https://registry.npmjs.org/@rollup%2frollup-linux-arm64-gnu 381ms (cache miss)
633 http fetch GET 200 https://registry.npmjs.org/@rollup%2frollup-win32-arm64-msvc 384ms (cache miss)
634 http fetch GET 200 https://registry.npmjs.org/@rollup%2frollup-freebsd-arm64 384ms (cache miss)
635 http fetch GET 200 https://registry.npmjs.org/@rollup%2frollup-android-arm-eabi 398ms (cache miss)
636 http fetch GET 200 https://registry.npmjs.org/@rollup%2frollup-linux-arm-musleabihf 404ms (cache miss)
637 http fetch GET 200 https://registry.npmjs.org/@rollup%2frollup-linux-arm-gnueabihf 416ms (cache miss)
638 http fetch GET 200 https://registry.npmjs.org/@rollup%2frollup-linux-riscv64-gnu 423ms (cache miss)
639 http fetch GET 200 https://registry.npmjs.org/@rollup%2frollup-linux-ppc64-gnu 423ms (cache miss)
640 http fetch GET 200 https://registry.npmjs.org/@rollup%2frollup-linux-loong64-musl 431ms (cache miss)
641 http fetch GET 200 https://registry.npmjs.org/@rollup%2frollup-linux-riscv64-musl 441ms (cache miss)
642 http fetch GET 200 https://registry.npmjs.org/@rollup%2frollup-linux-loong64-gnu 445ms (cache miss)
643 http fetch GET 200 https://registry.npmjs.org/@rollup%2frollup-linux-arm64-musl 455ms (cache miss)
644 http fetch GET 200 https://registry.npmjs.org/@esbuild%2fandroid-arm64 464ms (cache miss)
645 http fetch GET 200 https://registry.npmjs.org/@rollup%2frollup-linux-ppc64-musl 452ms (cache miss)
646 http fetch GET 200 https://registry.npmjs.org/@rollup%2frollup-win32-ia32-msvc 458ms (cache miss)
647 http fetch GET 200 https://registry.npmjs.org/@rollup%2frollup-linux-s390x-gnu 509ms (cache miss)
648 http fetch GET 200 https://registry.npmjs.org/@rollup%2frollup-win32-x64-gnu 525ms (cache miss)
649 http fetch GET 200 https://registry.npmjs.org/@rollup%2frollup-darwin-x64 528ms (cache miss)
650 http fetch GET 200 https://registry.npmjs.org/@rollup%2frollup-win32-x64-msvc 530ms (cache miss)
651 http fetch GET 200 https://registry.npmjs.org/@rollup%2frollup-linux-x64-gnu 546ms (cache miss)
652 http fetch GET 200 https://registry.npmjs.org/@rollup%2frollup-linux-x64-musl 546ms (cache miss)
653 http fetch GET 200 https://registry.npmjs.org/@rollup%2frollup-openbsd-x64 548ms (cache miss)
654 http fetch GET 200 https://registry.npmjs.org/@rollup%2frollup-openharmony-arm64 560ms (cache miss)
655 http fetch GET 200 https://registry.npmjs.org/@rollup%2frollup-freebsd-x64 563ms (cache miss)
656 timing idealTree:node_modules/vite Completed in 595ms
657 silly placeDep ROOT @esbuild/aix-ppc64@0.21.5 OK for: esbuild@0.21.5 want: 0.21.5
658 silly placeDep ROOT @esbuild/android-arm@0.21.5 OK for: esbuild@0.21.5 want: 0.21.5
659 silly placeDep ROOT @esbuild/android-arm64@0.21.5 OK for: esbuild@0.21.5 want: 0.21.5
660 silly placeDep ROOT @esbuild/android-x64@0.21.5 OK for: esbuild@0.21.5 want: 0.21.5
661 silly placeDep ROOT @esbuild/darwin-arm64@0.21.5 OK for: esbuild@0.21.5 want: 0.21.5
662 silly placeDep ROOT @esbuild/darwin-x64@0.21.5 OK for: esbuild@0.21.5 want: 0.21.5
663 silly placeDep ROOT @esbuild/freebsd-arm64@0.21.5 OK for: esbuild@0.21.5 want: 0.21.5
664 silly placeDep ROOT @esbuild/freebsd-x64@0.21.5 OK for: esbuild@0.21.5 want: 0.21.5
665 silly placeDep ROOT @esbuild/linux-arm@0.21.5 OK for: esbuild@0.21.5 want: 0.21.5
666 silly placeDep ROOT @esbuild/linux-arm64@0.21.5 OK for: esbuild@0.21.5 want: 0.21.5
667 silly placeDep ROOT @esbuild/linux-ia32@0.21.5 OK for: esbuild@0.21.5 want: 0.21.5
668 silly placeDep ROOT @esbuild/linux-loong64@0.21.5 OK for: esbuild@0.21.5 want: 0.21.5
669 silly placeDep ROOT @esbuild/linux-mips64el@0.21.5 OK for: esbuild@0.21.5 want: 0.21.5
670 silly placeDep ROOT @esbuild/linux-ppc64@0.21.5 OK for: esbuild@0.21.5 want: 0.21.5
671 silly placeDep ROOT @esbuild/linux-riscv64@0.21.5 OK for: esbuild@0.21.5 want: 0.21.5
672 silly placeDep ROOT @esbuild/linux-s390x@0.21.5 OK for: esbuild@0.21.5 want: 0.21.5
673 silly placeDep ROOT @esbuild/linux-x64@0.21.5 OK for: esbuild@0.21.5 want: 0.21.5
674 silly placeDep ROOT @esbuild/netbsd-x64@0.21.5 OK for: esbuild@0.21.5 want: 0.21.5
675 silly placeDep ROOT @esbuild/openbsd-x64@0.21.5 OK for: esbuild@0.21.5 want: 0.21.5
676 silly placeDep ROOT @esbuild/sunos-x64@0.21.5 OK for: esbuild@0.21.5 want: 0.21.5
677 silly placeDep ROOT @esbuild/win32-arm64@0.21.5 OK for: esbuild@0.21.5 want: 0.21.5
678 silly placeDep ROOT @esbuild/win32-ia32@0.21.5 OK for: esbuild@0.21.5 want: 0.21.5
679 silly placeDep ROOT @esbuild/win32-x64@0.21.5 OK for: esbuild@0.21.5 want: 0.21.5
680 timing idealTree:node_modules/esbuild Completed in 27ms
681 timing idealTree:node_modules/@esbuild/aix-ppc64 Completed in 0ms
682 timing idealTree:node_modules/@esbuild/android-arm Completed in 0ms
683 timing idealTree:node_modules/@esbuild/android-arm64 Completed in 0ms
684 timing idealTree:node_modules/@esbuild/android-x64 Completed in 0ms
685 timing idealTree:node_modules/@esbuild/darwin-arm64 Completed in 0ms
686 timing idealTree:node_modules/@esbuild/darwin-x64 Completed in 0ms
687 timing idealTree:node_modules/@esbuild/freebsd-arm64 Completed in 0ms
688 timing idealTree:node_modules/@esbuild/freebsd-x64 Completed in 0ms
689 timing idealTree:node_modules/@esbuild/linux-arm Completed in 0ms
690 timing idealTree:node_modules/@esbuild/linux-arm64 Completed in 0ms
691 timing idealTree:node_modules/@esbuild/linux-ia32 Completed in 0ms
692 timing idealTree:node_modules/@esbuild/linux-loong64 Completed in 0ms
693 timing idealTree:node_modules/@esbuild/linux-mips64el Completed in 0ms
694 timing idealTree:node_modules/@esbuild/linux-ppc64 Completed in 0ms
695 timing idealTree:node_modules/@esbuild/linux-riscv64 Completed in 0ms
696 timing idealTree:node_modules/@esbuild/linux-s390x Completed in 0ms
697 timing idealTree:node_modules/@esbuild/linux-x64 Completed in 0ms
698 timing idealTree:node_modules/@esbuild/netbsd-x64 Completed in 0ms
699 timing idealTree:node_modules/@esbuild/openbsd-x64 Completed in 0ms
700 timing idealTree:node_modules/@esbuild/sunos-x64 Completed in 0ms
701 timing idealTree:node_modules/@esbuild/win32-arm64 Completed in 0ms
702 timing idealTree:node_modules/@esbuild/win32-ia32 Completed in 0ms
703 timing idealTree:node_modules/@esbuild/win32-x64 Completed in 0ms
704 silly placeDep ROOT @rollup/rollup-android-arm-eabi@4.55.1 OK for: rollup@4.55.1 want: 4.55.1
705 silly placeDep ROOT @rollup/rollup-android-arm64@4.55.1 OK for: rollup@4.55.1 want: 4.55.1
706 silly placeDep ROOT @rollup/rollup-darwin-arm64@4.55.1 OK for: rollup@4.55.1 want: 4.55.1
707 silly placeDep ROOT @rollup/rollup-darwin-x64@4.55.1 OK for: rollup@4.55.1 want: 4.55.1
708 silly placeDep ROOT @rollup/rollup-freebsd-arm64@4.55.1 OK for: rollup@4.55.1 want: 4.55.1
709 silly placeDep ROOT @rollup/rollup-freebsd-x64@4.55.1 OK for: rollup@4.55.1 want: 4.55.1
710 silly placeDep ROOT @rollup/rollup-linux-arm-gnueabihf@4.55.1 OK for: rollup@4.55.1 want: 4.55.1
711 silly placeDep ROOT @rollup/rollup-linux-arm-musleabihf@4.55.1 OK for: rollup@4.55.1 want: 4.55.1
712 silly placeDep ROOT @rollup/rollup-linux-arm64-gnu@4.55.1 OK for: rollup@4.55.1 want: 4.55.1
713 silly placeDep ROOT @rollup/rollup-linux-arm64-musl@4.55.1 OK for: rollup@4.55.1 want: 4.55.1
714 silly placeDep ROOT @rollup/rollup-linux-loong64-gnu@4.55.1 OK for: rollup@4.55.1 want: 4.55.1
715 silly placeDep ROOT @rollup/rollup-linux-loong64-musl@4.55.1 OK for: rollup@4.55.1 want: 4.55.1
716 silly placeDep ROOT @rollup/rollup-linux-ppc64-gnu@4.55.1 OK for: rollup@4.55.1 want: 4.55.1
717 silly placeDep ROOT @rollup/rollup-linux-ppc64-musl@4.55.1 OK for: rollup@4.55.1 want: 4.55.1
718 silly placeDep ROOT @rollup/rollup-linux-riscv64-gnu@4.55.1 OK for: rollup@4.55.1 want: 4.55.1
719 silly placeDep ROOT @rollup/rollup-linux-riscv64-musl@4.55.1 OK for: rollup@4.55.1 want: 4.55.1
720 silly placeDep ROOT @rollup/rollup-linux-s390x-gnu@4.55.1 OK for: rollup@4.55.1 want: 4.55.1
721 silly placeDep ROOT @rollup/rollup-linux-x64-gnu@4.55.1 OK for: rollup@4.55.1 want: 4.55.1
722 silly placeDep ROOT @rollup/rollup-linux-x64-musl@4.55.1 OK for: rollup@4.55.1 want: 4.55.1
723 silly placeDep ROOT @rollup/rollup-openbsd-x64@4.55.1 OK for: rollup@4.55.1 want: 4.55.1
724 silly placeDep ROOT @rollup/rollup-openharmony-arm64@4.55.1 OK for: rollup@4.55.1 want: 4.55.1
725 silly placeDep ROOT @rollup/rollup-win32-arm64-msvc@4.55.1 OK for: rollup@4.55.1 want: 4.55.1
726 silly placeDep ROOT @rollup/rollup-win32-ia32-msvc@4.55.1 OK for: rollup@4.55.1 want: 4.55.1
727 silly placeDep ROOT @rollup/rollup-win32-x64-gnu@4.55.1 OK for: rollup@4.55.1 want: 4.55.1
728 silly placeDep ROOT @rollup/rollup-win32-x64-msvc@4.55.1 OK for: rollup@4.55.1 want: 4.55.1
729 timing idealTree:node_modules/rollup Completed in 31ms
730 timing idealTree:node_modules/@rollup/rollup-android-arm-eabi Completed in 0ms
731 timing idealTree:node_modules/@rollup/rollup-android-arm64 Completed in 0ms
732 timing idealTree:node_modules/@rollup/rollup-darwin-arm64 Completed in 0ms
733 timing idealTree:node_modules/@rollup/rollup-darwin-x64 Completed in 0ms
734 timing idealTree:node_modules/@rollup/rollup-freebsd-arm64 Completed in 0ms
735 timing idealTree:node_modules/@rollup/rollup-freebsd-x64 Completed in 0ms
736 timing idealTree:node_modules/@rollup/rollup-linux-arm-gnueabihf Completed in 0ms
737 timing idealTree:node_modules/@rollup/rollup-linux-arm-musleabihf Completed in 0ms
738 timing idealTree:node_modules/@rollup/rollup-linux-arm64-gnu Completed in 0ms
739 timing idealTree:node_modules/@rollup/rollup-linux-arm64-musl Completed in 0ms
740 timing idealTree:node_modules/@rollup/rollup-linux-loong64-gnu Completed in 0ms
741 timing idealTree:node_modules/@rollup/rollup-linux-loong64-musl Completed in 0ms
742 timing idealTree:node_modules/@rollup/rollup-linux-ppc64-gnu Completed in 0ms
743 timing idealTree:node_modules/@rollup/rollup-linux-ppc64-musl Completed in 0ms
744 timing idealTree:node_modules/@rollup/rollup-linux-riscv64-gnu Completed in 0ms
745 timing idealTree:node_modules/@rollup/rollup-linux-riscv64-musl Completed in 0ms
746 timing idealTree:node_modules/@rollup/rollup-linux-s390x-gnu Completed in 0ms
747 timing idealTree:node_modules/@rollup/rollup-linux-x64-gnu Completed in 0ms
748 timing idealTree:node_modules/@rollup/rollup-linux-x64-musl Completed in 0ms
749 timing idealTree:node_modules/@rollup/rollup-openbsd-x64 Completed in 0ms
750 timing idealTree:node_modules/@rollup/rollup-openharmony-arm64 Completed in 0ms
751 timing idealTree:node_modules/@rollup/rollup-win32-arm64-msvc Completed in 0ms
752 timing idealTree:node_modules/@rollup/rollup-win32-ia32-msvc Completed in 0ms
753 timing idealTree:node_modules/@rollup/rollup-win32-x64-gnu Completed in 0ms
754 timing idealTree:node_modules/@rollup/rollup-win32-x64-msvc Completed in 0ms
755 silly placeDep node_modules/vite-plugin-full-reload picomatch@2.3.1 OK for: vite-plugin-full-reload@1.2.0 want: ^2.3.1
756 timing idealTree:node_modules/vite-plugin-full-reload Completed in 1ms
757 timing idealTree:node_modules/anymatch/node_modules/picomatch Completed in 0ms
758 timing idealTree:node_modules/chokidar/node_modules/glob-parent Completed in 0ms
759 timing idealTree:node_modules/fast-glob/node_modules/glob-parent Completed in 0ms
760 timing idealTree:node_modules/flowbite-datepicker/node_modules/flowbite Completed in 0ms
761 timing idealTree:node_modules/micromatch/node_modules/picomatch Completed in 0ms
762 timing idealTree:node_modules/readdirp/node_modules/picomatch Completed in 0ms
763 timing idealTree:node_modules/vite-plugin-full-reload/node_modules/picomatch Completed in 0ms
764 timing idealTree:buildDeps Completed in 11461ms
765 timing idealTree:fixDepFlags Completed in 2ms
766 timing idealTree Completed in 11485ms
767 timing reify:loadTrees Completed in 11486ms
768 timing reify:diffTrees Completed in 8ms
769 silly reify moves {}
770 timing reify:retireShallow Completed in 4ms
771 timing reify:createSparse Completed in 23ms
772 timing reify:loadBundles Completed in 0ms
773 silly audit bulk request {
773 silly audit   '@tailwindcss/forms': [ '0.5.11' ],
773 silly audit   tailwindcss: [ '3.4.19' ],
773 silly audit   alpinejs: [ '3.15.3' ],
773 silly audit   autoprefixer: [ '10.4.23' ],
773 silly audit   postcss: [ '8.5.6' ],
773 silly audit   axios: [ '1.13.2' ],
773 silly audit   'baseline-browser-mapping': [ '2.9.11' ],
773 silly audit   flowbite: [ '3.1.2', '2.5.2' ],
773 silly audit   'laravel-vite-plugin': [ '1.3.0' ],
773 silly audit   vite: [ '5.4.21' ],
773 silly audit   'mini-svg-data-uri': [ '1.4.4' ],
773 silly audit   '@vue/reactivity': [ '3.1.5' ],
773 silly audit   '@vue/shared': [ '3.1.5' ],
773 silly audit   browserslist: [ '4.28.1' ],
773 silly audit   'caniuse-lite': [ '1.0.30001762' ],
773 silly audit   'fraction.js': [ '5.3.4' ],
773 silly audit   picocolors: [ '1.1.1' ],
773 silly audit   'postcss-value-parser': [ '4.2.0' ],
773 silly audit   'follow-redirects': [ '1.15.11' ],
773 silly audit   'form-data': [ '4.0.5' ],
773 silly audit   'proxy-from-env': [ '1.1.0' ],
773 silly audit   'electron-to-chromium': [ '1.5.267' ],
773 silly audit   'node-releases': [ '2.0.27' ],
773 silly audit   'update-browserslist-db': [ '1.2.3' ],
773 silly audit   '@popperjs/core': [ '2.11.8' ],
773 silly audit   'flowbite-datepicker': [ '1.3.2' ],
773 silly audit   '@rollup/plugin-node-resolve': [ '15.3.1' ],
773 silly audit   '@rollup/pluginutils': [ '5.3.0' ],
773 silly audit   '@types/resolve': [ '1.20.2' ],
773 silly audit   deepmerge: [ '4.3.1' ],
773 silly audit   'is-module': [ '1.0.0' ],
773 silly audit   resolve: [ '1.22.11' ],
773 silly audit   '@types/estree': [ '1.0.8' ],
773 silly audit   'estree-walker': [ '2.0.2' ],
773 silly audit   picomatch: [ '4.0.3', '2.3.1' ],
773 silly audit   asynckit: [ '0.4.0' ],
773 silly audit   'combined-stream': [ '1.0.8' ],
773 silly audit   'es-set-tostringtag': [ '2.1.0' ],
773 silly audit   hasown: [ '2.0.2' ],
773 silly audit   'mime-types': [ '2.1.35' ],
773 silly audit   'delayed-stream': [ '1.0.0' ],
773 silly audit   'es-errors': [ '1.3.0' ],
773 silly audit   'get-intrinsic': [ '1.3.0' ],
773 silly audit   'has-tostringtag': [ '1.0.2' ],
773 silly audit   'call-bind-apply-helpers': [ '1.0.2' ],
773 silly audit   'es-define-property': [ '1.0.1' ],
773 silly audit   'es-object-atoms': [ '1.1.1' ],
773 silly audit   'function-bind': [ '1.1.2' ],
773 silly audit   'get-proto': [ '1.0.1' ],
773 silly audit   gopd: [ '1.2.0' ],
773 silly audit   'has-symbols': [ '1.1.0' ],
773 silly audit   'math-intrinsics': [ '1.1.0' ],
773 silly audit   'dunder-proto': [ '1.0.1' ],
773 silly audit   'vite-plugin-full-reload': [ '1.2.0' ],
773 silly audit   'mime-db': [ '1.52.0' ],
773 silly audit   nanoid: [ '3.3.11' ],
773 silly audit   'source-map-js': [ '1.2.1' ],
773 silly audit   'is-core-module': [ '2.16.1' ],
773 silly audit   'path-parse': [ '1.0.7' ],
773 silly audit   'supports-preserve-symlinks-flag': [ '1.0.0' ],
773 silly audit   '@alloc/quick-lru': [ '5.2.0' ],
773 silly audit   arg: [ '5.0.2' ],
773 silly audit   chokidar: [ '3.6.0' ],
773 silly audit   didyoumean: [ '1.2.2' ],
773 silly audit   dlv: [ '1.1.3' ],
773 silly audit   'fast-glob': [ '3.3.3' ],
773 silly audit   'glob-parent': [ '6.0.2', '5.1.2' ],
773 silly audit   'is-glob': [ '4.0.3' ],
773 silly audit   jiti: [ '1.21.7' ],
773 silly audit   lilconfig: [ '3.1.3' ],
773 silly audit   micromatch: [ '4.0.8' ],
773 silly audit   'normalize-path': [ '3.0.0' ],
773 silly audit   'object-hash': [ '3.0.0' ],
773 silly audit   'postcss-import': [ '15.1.0' ],
773 silly audit   'postcss-js': [ '4.1.0' ],
773 silly audit   'postcss-load-config': [ '6.0.1' ],
773 silly audit   'postcss-nested': [ '6.2.0' ],
773 silly audit   'postcss-selector-parser': [ '6.1.2' ],
773 silly audit   sucrase: [ '3.35.1' ],
773 silly audit   anymatch: [ '3.1.3' ],
773 silly audit   braces: [ '3.0.3' ],
773 silly audit   fsevents: [ '2.3.3' ],
773 silly audit   'is-binary-path': [ '2.1.0' ],
773 silly audit   readdirp: [ '3.6.0' ],
773 silly audit   'fill-range': [ '7.1.1' ],
773 silly audit   '@nodelib/fs.stat': [ '2.0.5' ],
773 silly audit   '@nodelib/fs.walk': [ '1.2.8' ],
773 silly audit   merge2: [ '1.4.1' ],
773 silly audit   '@nodelib/fs.scandir': [ '2.1.5' ],
773 silly audit   fastq: [ '1.20.1' ],
773 silly audit   'run-parallel': [ '1.2.0' ],
773 silly audit   reusify: [ '1.1.0' ],
773 silly audit   'to-regex-range': [ '5.0.1' ],
773 silly audit   'binary-extensions': [ '2.3.0' ],
773 silly audit   'is-extglob': [ '2.1.1' ],
773 silly audit   'read-cache': [ '1.0.0' ],
773 silly audit   'camelcase-css': [ '2.0.1' ],
773 silly audit   cssesc: [ '3.0.0' ],
773 silly audit   'util-deprecate': [ '1.0.2' ],
773 silly audit   pify: [ '2.3.0' ],
773 silly audit   'queue-microtask': [ '1.2.3' ],
773 silly audit   '@jridgewell/gen-mapping': [ '0.3.13' ],
773 silly audit   commander: [ '4.1.1' ],
773 silly audit   'lines-and-columns': [ '1.2.4' ],
773 silly audit   mz: [ '2.7.0' ],
773 silly audit   pirates: [ '4.0.7' ],
773 silly audit   tinyglobby: [ '0.2.15' ],
773 silly audit   'ts-interface-checker': [ '0.1.13' ],
773 silly audit   '@jridgewell/sourcemap-codec': [ '1.5.5' ],
773 silly audit   '@jridgewell/trace-mapping': [ '0.3.31' ],
773 silly audit   '@jridgewell/resolve-uri': [ '3.1.2' ],
773 silly audit   'any-promise': [ '1.3.0' ],
773 silly audit   'object-assign': [ '4.1.1' ],
773 silly audit   'thenify-all': [ '1.6.0' ],
773 silly audit   thenify: [ '3.3.1' ],
773 silly audit   fdir: [ '6.5.0' ],
773 silly audit   'is-number': [ '7.0.0' ],
773 silly audit   escalade: [ '3.2.0' ],
773 silly audit   esbuild: [ '0.21.5' ],
773 silly audit   rollup: [ '4.55.1' ],
773 silly audit   '@esbuild/aix-ppc64': [ '0.21.5' ],
773 silly audit   '@esbuild/android-arm': [ '0.21.5' ],
773 silly audit   '@esbuild/android-arm64': [ '0.21.5' ],
773 silly audit   '@esbuild/android-x64': [ '0.21.5' ],
773 silly audit   '@esbuild/darwin-arm64': [ '0.21.5' ],
773 silly audit   '@esbuild/darwin-x64': [ '0.21.5' ],
773 silly audit   '@esbuild/freebsd-arm64': [ '0.21.5' ],
773 silly audit   '@esbuild/freebsd-x64': [ '0.21.5' ],
773 silly audit   '@esbuild/linux-arm': [ '0.21.5' ],
773 silly audit   '@esbuild/linux-arm64': [ '0.21.5' ],
773 silly audit   '@esbuild/linux-ia32': [ '0.21.5' ],
773 silly audit   '@esbuild/linux-loong64': [ '0.21.5' ],
773 silly audit   '@esbuild/linux-mips64el': [ '0.21.5' ],
773 silly audit   '@esbuild/linux-ppc64': [ '0.21.5' ],
773 silly audit   '@esbuild/linux-riscv64': [ '0.21.5' ],
773 silly audit   '@esbuild/linux-s390x': [ '0.21.5' ],
773 silly audit   '@esbuild/linux-x64': [ '0.21.5' ],
773 silly audit   '@esbuild/netbsd-x64': [ '0.21.5' ],
773 silly audit   '@esbuild/openbsd-x64': [ '0.21.5' ],
773 silly audit   '@esbuild/sunos-x64': [ '0.21.5' ],
773 silly audit   '@esbuild/win32-arm64': [ '0.21.5' ],
773 silly audit   '@esbuild/win32-ia32': [ '0.21.5' ],
773 silly audit   '@esbuild/win32-x64': [ '0.21.5' ],
773 silly audit   '@rollup/rollup-android-arm-eabi': [ '4.55.1' ],
773 silly audit   '@rollup/rollup-android-arm64': [ '4.55.1' ],
773 silly audit   '@rollup/rollup-darwin-arm64': [ '4.55.1' ],
773 silly audit   '@rollup/rollup-darwin-x64': [ '4.55.1' ],
773 silly audit   '@rollup/rollup-freebsd-arm64': [ '4.55.1' ],
773 silly audit   '@rollup/rollup-freebsd-x64': [ '4.55.1' ],
773 silly audit   '@rollup/rollup-linux-arm-gnueabihf': [ '4.55.1' ],
773 silly audit   '@rollup/rollup-linux-arm-musleabihf': [ '4.55.1' ],
773 silly audit   '@rollup/rollup-linux-arm64-gnu': [ '4.55.1' ],
773 silly audit   '@rollup/rollup-linux-arm64-musl': [ '4.55.1' ],
773 silly audit   '@rollup/rollup-linux-loong64-gnu': [ '4.55.1' ],
773 silly audit   '@rollup/rollup-linux-loong64-musl': [ '4.55.1' ],
773 silly audit   '@rollup/rollup-linux-ppc64-gnu': [ '4.55.1' ],
773 silly audit   '@rollup/rollup-linux-ppc64-musl': [ '4.55.1' ],
773 silly audit   '@rollup/rollup-linux-riscv64-gnu': [ '4.55.1' ],
773 silly audit   '@rollup/rollup-linux-riscv64-musl': [ '4.55.1' ],
773 silly audit   '@rollup/rollup-linux-s390x-gnu': [ '4.55.1' ],
773 silly audit   '@rollup/rollup-linux-x64-gnu': [ '4.55.1' ],
773 silly audit   '@rollup/rollup-linux-x64-musl': [ '4.55.1' ],
773 silly audit   '@rollup/rollup-openbsd-x64': [ '4.55.1' ],
773 silly audit   '@rollup/rollup-openharmony-arm64': [ '4.55.1' ],
773 silly audit   '@rollup/rollup-win32-arm64-msvc': [ '4.55.1' ],
773 silly audit   '@rollup/rollup-win32-ia32-msvc': [ '4.55.1' ],
773 silly audit   '@rollup/rollup-win32-x64-gnu': [ '4.55.1' ],
773 silly audit   '@rollup/rollup-win32-x64-msvc': [ '4.55.1' ]
773 silly audit }
774 verbose reify failed optional dependency /var/www/node_modules/@rollup/rollup-win32-x64-msvc
775 silly reify mark deleted [ '/var/www/node_modules/@rollup/rollup-win32-x64-msvc' ]
776 verbose reify failed optional dependency /var/www/node_modules/@rollup/rollup-win32-x64-gnu
777 silly reify mark deleted [ '/var/www/node_modules/@rollup/rollup-win32-x64-gnu' ]
778 verbose reify failed optional dependency /var/www/node_modules/@rollup/rollup-win32-ia32-msvc
779 silly reify mark deleted [ '/var/www/node_modules/@rollup/rollup-win32-ia32-msvc' ]
780 verbose reify failed optional dependency /var/www/node_modules/@rollup/rollup-win32-arm64-msvc
781 silly reify mark deleted [ '/var/www/node_modules/@rollup/rollup-win32-arm64-msvc' ]
782 verbose reify failed optional dependency /var/www/node_modules/@rollup/rollup-openharmony-arm64
783 silly reify mark deleted [ '/var/www/node_modules/@rollup/rollup-openharmony-arm64' ]
784 verbose reify failed optional dependency /var/www/node_modules/@rollup/rollup-openbsd-x64
785 silly reify mark deleted [ '/var/www/node_modules/@rollup/rollup-openbsd-x64' ]
786 verbose reify failed optional dependency /var/www/node_modules/@rollup/rollup-linux-s390x-gnu
787 silly reify mark deleted [ '/var/www/node_modules/@rollup/rollup-linux-s390x-gnu' ]
788 verbose reify failed optional dependency /var/www/node_modules/@rollup/rollup-linux-riscv64-musl
789 silly reify mark deleted [ '/var/www/node_modules/@rollup/rollup-linux-riscv64-musl' ]
790 verbose reify failed optional dependency /var/www/node_modules/@rollup/rollup-linux-riscv64-gnu
791 silly reify mark deleted [ '/var/www/node_modules/@rollup/rollup-linux-riscv64-gnu' ]
792 verbose reify failed optional dependency /var/www/node_modules/@rollup/rollup-linux-ppc64-musl
793 silly reify mark deleted [ '/var/www/node_modules/@rollup/rollup-linux-ppc64-musl' ]
794 verbose reify failed optional dependency /var/www/node_modules/@rollup/rollup-linux-ppc64-gnu
795 silly reify mark deleted [ '/var/www/node_modules/@rollup/rollup-linux-ppc64-gnu' ]
796 verbose reify failed optional dependency /var/www/node_modules/@rollup/rollup-linux-loong64-musl
797 silly reify mark deleted [ '/var/www/node_modules/@rollup/rollup-linux-loong64-musl' ]
798 verbose reify failed optional dependency /var/www/node_modules/@rollup/rollup-linux-loong64-gnu
799 silly reify mark deleted [ '/var/www/node_modules/@rollup/rollup-linux-loong64-gnu' ]
800 verbose reify failed optional dependency /var/www/node_modules/@rollup/rollup-linux-arm64-musl
801 silly reify mark deleted [ '/var/www/node_modules/@rollup/rollup-linux-arm64-musl' ]
802 verbose reify failed optional dependency /var/www/node_modules/@rollup/rollup-linux-arm64-gnu
803 silly reify mark deleted [ '/var/www/node_modules/@rollup/rollup-linux-arm64-gnu' ]
804 verbose reify failed optional dependency /var/www/node_modules/@rollup/rollup-linux-arm-musleabihf
805 silly reify mark deleted [ '/var/www/node_modules/@rollup/rollup-linux-arm-musleabihf' ]
806 verbose reify failed optional dependency /var/www/node_modules/@rollup/rollup-linux-arm-gnueabihf
807 silly reify mark deleted [ '/var/www/node_modules/@rollup/rollup-linux-arm-gnueabihf' ]
808 verbose reify failed optional dependency /var/www/node_modules/@rollup/rollup-freebsd-x64
809 silly reify mark deleted [ '/var/www/node_modules/@rollup/rollup-freebsd-x64' ]
810 verbose reify failed optional dependency /var/www/node_modules/@rollup/rollup-freebsd-arm64
811 silly reify mark deleted [ '/var/www/node_modules/@rollup/rollup-freebsd-arm64' ]
812 verbose reify failed optional dependency /var/www/node_modules/@rollup/rollup-darwin-x64
813 silly reify mark deleted [ '/var/www/node_modules/@rollup/rollup-darwin-x64' ]
814 verbose reify failed optional dependency /var/www/node_modules/@rollup/rollup-darwin-arm64
815 silly reify mark deleted [ '/var/www/node_modules/@rollup/rollup-darwin-arm64' ]
816 verbose reify failed optional dependency /var/www/node_modules/@rollup/rollup-android-arm64
817 silly reify mark deleted [ '/var/www/node_modules/@rollup/rollup-android-arm64' ]
818 verbose reify failed optional dependency /var/www/node_modules/@rollup/rollup-android-arm-eabi
819 silly reify mark deleted [ '/var/www/node_modules/@rollup/rollup-android-arm-eabi' ]
820 verbose reify failed optional dependency /var/www/node_modules/@esbuild/win32-x64
821 silly reify mark deleted [ '/var/www/node_modules/@esbuild/win32-x64' ]
822 verbose reify failed optional dependency /var/www/node_modules/@esbuild/win32-ia32
823 silly reify mark deleted [ '/var/www/node_modules/@esbuild/win32-ia32' ]
824 verbose reify failed optional dependency /var/www/node_modules/@esbuild/win32-arm64
825 silly reify mark deleted [ '/var/www/node_modules/@esbuild/win32-arm64' ]
826 verbose reify failed optional dependency /var/www/node_modules/@esbuild/sunos-x64
827 silly reify mark deleted [ '/var/www/node_modules/@esbuild/sunos-x64' ]
828 verbose reify failed optional dependency /var/www/node_modules/@esbuild/openbsd-x64
829 silly reify mark deleted [ '/var/www/node_modules/@esbuild/openbsd-x64' ]
830 verbose reify failed optional dependency /var/www/node_modules/@esbuild/netbsd-x64
831 silly reify mark deleted [ '/var/www/node_modules/@esbuild/netbsd-x64' ]
832 verbose reify failed optional dependency /var/www/node_modules/@esbuild/linux-s390x
833 silly reify mark deleted [ '/var/www/node_modules/@esbuild/linux-s390x' ]
834 verbose reify failed optional dependency /var/www/node_modules/@esbuild/linux-riscv64
835 silly reify mark deleted [ '/var/www/node_modules/@esbuild/linux-riscv64' ]
836 verbose reify failed optional dependency /var/www/node_modules/@esbuild/linux-ppc64
837 silly reify mark deleted [ '/var/www/node_modules/@esbuild/linux-ppc64' ]
838 verbose reify failed optional dependency /var/www/node_modules/@esbuild/linux-mips64el
839 silly reify mark deleted [ '/var/www/node_modules/@esbuild/linux-mips64el' ]
840 verbose reify failed optional dependency /var/www/node_modules/@esbuild/linux-loong64
841 silly reify mark deleted [ '/var/www/node_modules/@esbuild/linux-loong64' ]
842 verbose reify failed optional dependency /var/www/node_modules/@esbuild/linux-ia32
843 silly reify mark deleted [ '/var/www/node_modules/@esbuild/linux-ia32' ]
844 verbose reify failed optional dependency /var/www/node_modules/@esbuild/linux-arm64
845 silly reify mark deleted [ '/var/www/node_modules/@esbuild/linux-arm64' ]
846 verbose reify failed optional dependency /var/www/node_modules/@esbuild/linux-arm
847 silly reify mark deleted [ '/var/www/node_modules/@esbuild/linux-arm' ]
848 verbose reify failed optional dependency /var/www/node_modules/@esbuild/freebsd-x64
849 silly reify mark deleted [ '/var/www/node_modules/@esbuild/freebsd-x64' ]
850 verbose reify failed optional dependency /var/www/node_modules/@esbuild/freebsd-arm64
851 silly reify mark deleted [ '/var/www/node_modules/@esbuild/freebsd-arm64' ]
852 verbose reify failed optional dependency /var/www/node_modules/@esbuild/darwin-x64
853 silly reify mark deleted [ '/var/www/node_modules/@esbuild/darwin-x64' ]
854 verbose reify failed optional dependency /var/www/node_modules/@esbuild/darwin-arm64
855 silly reify mark deleted [ '/var/www/node_modules/@esbuild/darwin-arm64' ]
856 verbose reify failed optional dependency /var/www/node_modules/@esbuild/android-x64
857 silly reify mark deleted [ '/var/www/node_modules/@esbuild/android-x64' ]
858 verbose reify failed optional dependency /var/www/node_modules/@esbuild/android-arm64
859 silly reify mark deleted [ '/var/www/node_modules/@esbuild/android-arm64' ]
860 verbose reify failed optional dependency /var/www/node_modules/@esbuild/android-arm
861 silly reify mark deleted [ '/var/www/node_modules/@esbuild/android-arm' ]
862 verbose reify failed optional dependency /var/www/node_modules/@esbuild/aix-ppc64
863 silly reify mark deleted [ '/var/www/node_modules/@esbuild/aix-ppc64' ]
864 verbose reify failed optional dependency /var/www/node_modules/fsevents
865 silly reify mark deleted [ '/var/www/node_modules/fsevents' ]
866 timing reifyNode:node_modules/@rollup/rollup-win32-x64-msvc Completed in 44ms
867 timing reifyNode:node_modules/@rollup/rollup-win32-x64-gnu Completed in 44ms
868 timing reifyNode:node_modules/@rollup/rollup-win32-ia32-msvc Completed in 44ms
869 timing reifyNode:node_modules/@rollup/rollup-win32-arm64-msvc Completed in 45ms
870 timing reifyNode:node_modules/@rollup/rollup-openharmony-arm64 Completed in 45ms
871 timing reifyNode:node_modules/@rollup/rollup-openbsd-x64 Completed in 45ms
872 timing reifyNode:node_modules/@rollup/rollup-linux-s390x-gnu Completed in 44ms
873 timing reifyNode:node_modules/@rollup/rollup-linux-riscv64-musl Completed in 44ms
874 timing reifyNode:node_modules/@rollup/rollup-linux-riscv64-gnu Completed in 44ms
875 timing reifyNode:node_modules/@rollup/rollup-linux-ppc64-musl Completed in 44ms
876 timing reifyNode:node_modules/@rollup/rollup-linux-ppc64-gnu Completed in 44ms
877 timing reifyNode:node_modules/@rollup/rollup-linux-loong64-musl Completed in 44ms
878 timing reifyNode:node_modules/@rollup/rollup-linux-loong64-gnu Completed in 44ms
879 timing reifyNode:node_modules/@rollup/rollup-linux-arm64-musl Completed in 44ms
880 timing reifyNode:node_modules/@rollup/rollup-linux-arm64-gnu Completed in 44ms
881 timing reifyNode:node_modules/@rollup/rollup-linux-arm-musleabihf Completed in 44ms
882 timing reifyNode:node_modules/@rollup/rollup-linux-arm-gnueabihf Completed in 44ms
883 timing reifyNode:node_modules/@rollup/rollup-freebsd-x64 Completed in 45ms
884 timing reifyNode:node_modules/@rollup/rollup-freebsd-arm64 Completed in 44ms
885 timing reifyNode:node_modules/@rollup/rollup-darwin-x64 Completed in 44ms
886 timing reifyNode:node_modules/@rollup/rollup-darwin-arm64 Completed in 44ms
887 timing reifyNode:node_modules/@rollup/rollup-android-arm64 Completed in 44ms
888 timing reifyNode:node_modules/@rollup/rollup-android-arm-eabi Completed in 44ms
889 timing reifyNode:node_modules/@esbuild/win32-x64 Completed in 44ms
890 timing reifyNode:node_modules/@esbuild/win32-ia32 Completed in 44ms
891 timing reifyNode:node_modules/@esbuild/win32-arm64 Completed in 44ms
892 timing reifyNode:node_modules/@esbuild/sunos-x64 Completed in 44ms
893 timing reifyNode:node_modules/@esbuild/openbsd-x64 Completed in 44ms
894 timing reifyNode:node_modules/@esbuild/netbsd-x64 Completed in 44ms
895 timing reifyNode:node_modules/@esbuild/linux-s390x Completed in 44ms
896 timing reifyNode:node_modules/@esbuild/linux-riscv64 Completed in 44ms
897 timing reifyNode:node_modules/@esbuild/linux-ppc64 Completed in 44ms
898 timing reifyNode:node_modules/@esbuild/linux-mips64el Completed in 44ms
899 timing reifyNode:node_modules/@esbuild/linux-loong64 Completed in 44ms
900 timing reifyNode:node_modules/@esbuild/linux-ia32 Completed in 45ms
901 timing reifyNode:node_modules/@esbuild/linux-arm64 Completed in 45ms
902 timing reifyNode:node_modules/@esbuild/linux-arm Completed in 45ms
903 timing reifyNode:node_modules/@esbuild/freebsd-x64 Completed in 44ms
904 timing reifyNode:node_modules/@esbuild/freebsd-arm64 Completed in 44ms
905 timing reifyNode:node_modules/@esbuild/darwin-x64 Completed in 44ms
906 timing reifyNode:node_modules/@esbuild/darwin-arm64 Completed in 44ms
907 timing reifyNode:node_modules/@esbuild/android-x64 Completed in 44ms
908 timing reifyNode:node_modules/@esbuild/android-arm64 Completed in 44ms
909 timing reifyNode:node_modules/@esbuild/android-arm Completed in 44ms
910 timing reifyNode:node_modules/@esbuild/aix-ppc64 Completed in 44ms
911 timing reifyNode:node_modules/fsevents Completed in 42ms
912 silly tarball no local data for @rollup/rollup-linux-x64-musl@https://registry.npmjs.org/@rollup/rollup-linux-x64-musl/-/rollup-linux-x64-musl-4.55.1.tgz. Extracting by manifest.
913 silly tarball no local data for @esbuild/linux-x64@https://registry.npmjs.org/@esbuild/linux-x64/-/linux-x64-0.21.5.tgz. Extracting by manifest.
914 silly tarball no local data for esbuild@https://registry.npmjs.org/esbuild/-/esbuild-0.21.5.tgz. Extracting by manifest.
915 silly tarball no local data for escalade@https://registry.npmjs.org/escalade/-/escalade-3.2.0.tgz. Extracting by manifest.
916 silly tarball no local data for is-number@https://registry.npmjs.org/is-number/-/is-number-7.0.0.tgz. Extracting by manifest.
917 silly tarball no local data for fdir@https://registry.npmjs.org/fdir/-/fdir-6.5.0.tgz. Extracting by manifest.
918 silly tarball no local data for thenify@https://registry.npmjs.org/thenify/-/thenify-3.3.1.tgz. Extracting by manifest.
919 silly tarball no local data for @rollup/rollup-linux-x64-gnu@https://registry.npmjs.org/@rollup/rollup-linux-x64-gnu/-/rollup-linux-x64-gnu-4.55.1.tgz. Extracting by manifest.
920 silly tarball no local data for rollup@https://registry.npmjs.org/rollup/-/rollup-4.55.1.tgz. Extracting by manifest.
921 silly tarball no local data for thenify-all@https://registry.npmjs.org/thenify-all/-/thenify-all-1.6.0.tgz. Extracting by manifest.
922 silly tarball no local data for object-assign@https://registry.npmjs.org/object-assign/-/object-assign-4.1.1.tgz. Extracting by manifest.
923 silly tarball no local data for any-promise@https://registry.npmjs.org/any-promise/-/any-promise-1.3.0.tgz. Extracting by manifest.
924 silly tarball no local data for @jridgewell/resolve-uri@https://registry.npmjs.org/@jridgewell/resolve-uri/-/resolve-uri-3.1.2.tgz. Extracting by manifest.
925 silly tarball no local data for @jridgewell/trace-mapping@https://registry.npmjs.org/@jridgewell/trace-mapping/-/trace-mapping-0.3.31.tgz. Extracting by manifest.
926 silly tarball no local data for @jridgewell/sourcemap-codec@https://registry.npmjs.org/@jridgewell/sourcemap-codec/-/sourcemap-codec-1.5.5.tgz. Extracting by manifest.
927 silly tarball no local data for ts-interface-checker@https://registry.npmjs.org/ts-interface-checker/-/ts-interface-checker-0.1.13.tgz. Extracting by manifest.
928 silly tarball no local data for tinyglobby@https://registry.npmjs.org/tinyglobby/-/tinyglobby-0.2.15.tgz. Extracting by manifest.
929 silly tarball no local data for pirates@https://registry.npmjs.org/pirates/-/pirates-4.0.7.tgz. Extracting by manifest.
930 silly tarball no local data for mz@https://registry.npmjs.org/mz/-/mz-2.7.0.tgz. Extracting by manifest.
931 silly tarball no local data for lines-and-columns@https://registry.npmjs.org/lines-and-columns/-/lines-and-columns-1.2.4.tgz. Extracting by manifest.
932 silly tarball no local data for commander@https://registry.npmjs.org/commander/-/commander-4.1.1.tgz. Extracting by manifest.
933 silly tarball no local data for @jridgewell/gen-mapping@https://registry.npmjs.org/@jridgewell/gen-mapping/-/gen-mapping-0.3.13.tgz. Extracting by manifest.
934 silly tarball no local data for queue-microtask@https://registry.npmjs.org/queue-microtask/-/queue-microtask-1.2.3.tgz. Extracting by manifest.
935 silly tarball no local data for pify@https://registry.npmjs.org/pify/-/pify-2.3.0.tgz. Extracting by manifest.
936 silly tarball no local data for util-deprecate@https://registry.npmjs.org/util-deprecate/-/util-deprecate-1.0.2.tgz. Extracting by manifest.
937 silly tarball no local data for cssesc@https://registry.npmjs.org/cssesc/-/cssesc-3.0.0.tgz. Extracting by manifest.
938 silly tarball no local data for camelcase-css@https://registry.npmjs.org/camelcase-css/-/camelcase-css-2.0.1.tgz. Extracting by manifest.
939 silly tarball no local data for read-cache@https://registry.npmjs.org/read-cache/-/read-cache-1.0.0.tgz. Extracting by manifest.
940 silly tarball no local data for is-extglob@https://registry.npmjs.org/is-extglob/-/is-extglob-2.1.1.tgz. Extracting by manifest.
941 silly tarball no local data for binary-extensions@https://registry.npmjs.org/binary-extensions/-/binary-extensions-2.3.0.tgz. Extracting by manifest.
942 silly tarball no local data for to-regex-range@https://registry.npmjs.org/to-regex-range/-/to-regex-range-5.0.1.tgz. Extracting by manifest.
943 silly tarball no local data for reusify@https://registry.npmjs.org/reusify/-/reusify-1.1.0.tgz. Extracting by manifest.
944 silly tarball no local data for run-parallel@https://registry.npmjs.org/run-parallel/-/run-parallel-1.2.0.tgz. Extracting by manifest.
945 silly tarball no local data for fastq@https://registry.npmjs.org/fastq/-/fastq-1.20.1.tgz. Extracting by manifest.
946 silly tarball no local data for @nodelib/fs.scandir@https://registry.npmjs.org/@nodelib/fs.scandir/-/fs.scandir-2.1.5.tgz. Extracting by manifest.
947 silly tarball no local data for merge2@https://registry.npmjs.org/merge2/-/merge2-1.4.1.tgz. Extracting by manifest.
948 silly tarball no local data for @nodelib/fs.walk@https://registry.npmjs.org/@nodelib/fs.walk/-/fs.walk-1.2.8.tgz. Extracting by manifest.
949 silly tarball no local data for @nodelib/fs.stat@https://registry.npmjs.org/@nodelib/fs.stat/-/fs.stat-2.0.5.tgz. Extracting by manifest.
950 silly tarball no local data for fill-range@https://registry.npmjs.org/fill-range/-/fill-range-7.1.1.tgz. Extracting by manifest.
951 silly tarball no local data for readdirp@https://registry.npmjs.org/readdirp/-/readdirp-3.6.0.tgz. Extracting by manifest.
952 silly tarball no local data for is-binary-path@https://registry.npmjs.org/is-binary-path/-/is-binary-path-2.1.0.tgz. Extracting by manifest.
953 silly tarball no local data for braces@https://registry.npmjs.org/braces/-/braces-3.0.3.tgz. Extracting by manifest.
954 silly tarball no local data for anymatch@https://registry.npmjs.org/anymatch/-/anymatch-3.1.3.tgz. Extracting by manifest.
955 silly tarball no local data for sucrase@https://registry.npmjs.org/sucrase/-/sucrase-3.35.1.tgz. Extracting by manifest.
956 silly tarball no local data for postcss-selector-parser@https://registry.npmjs.org/postcss-selector-parser/-/postcss-selector-parser-6.1.2.tgz. Extracting by manifest.
957 silly tarball no local data for postcss-nested@https://registry.npmjs.org/postcss-nested/-/postcss-nested-6.2.0.tgz. Extracting by manifest.
958 silly tarball no local data for postcss-load-config@https://registry.npmjs.org/postcss-load-config/-/postcss-load-config-6.0.1.tgz. Extracting by manifest.
959 silly tarball no local data for postcss-js@https://registry.npmjs.org/postcss-js/-/postcss-js-4.1.0.tgz. Extracting by manifest.
960 silly tarball no local data for postcss-import@https://registry.npmjs.org/postcss-import/-/postcss-import-15.1.0.tgz. Extracting by manifest.
961 silly tarball no local data for object-hash@https://registry.npmjs.org/object-hash/-/object-hash-3.0.0.tgz. Extracting by manifest.
962 silly tarball no local data for normalize-path@https://registry.npmjs.org/normalize-path/-/normalize-path-3.0.0.tgz. Extracting by manifest.
963 silly tarball no local data for micromatch@https://registry.npmjs.org/micromatch/-/micromatch-4.0.8.tgz. Extracting by manifest.
964 silly tarball no local data for lilconfig@https://registry.npmjs.org/lilconfig/-/lilconfig-3.1.3.tgz. Extracting by manifest.
965 silly tarball no local data for jiti@https://registry.npmjs.org/jiti/-/jiti-1.21.7.tgz. Extracting by manifest.
966 silly tarball no local data for is-glob@https://registry.npmjs.org/is-glob/-/is-glob-4.0.3.tgz. Extracting by manifest.
967 silly tarball no local data for glob-parent@https://registry.npmjs.org/glob-parent/-/glob-parent-6.0.2.tgz. Extracting by manifest.
968 silly tarball no local data for fast-glob@https://registry.npmjs.org/fast-glob/-/fast-glob-3.3.3.tgz. Extracting by manifest.
969 silly tarball no local data for dlv@https://registry.npmjs.org/dlv/-/dlv-1.1.3.tgz. Extracting by manifest.
970 silly tarball no local data for didyoumean@https://registry.npmjs.org/didyoumean/-/didyoumean-1.2.2.tgz. Extracting by manifest.
971 silly tarball no local data for chokidar@https://registry.npmjs.org/chokidar/-/chokidar-3.6.0.tgz. Extracting by manifest.
972 silly tarball no local data for arg@https://registry.npmjs.org/arg/-/arg-5.0.2.tgz. Extracting by manifest.
973 silly tarball no local data for @alloc/quick-lru@https://registry.npmjs.org/@alloc/quick-lru/-/quick-lru-5.2.0.tgz. Extracting by manifest.
974 silly tarball no local data for supports-preserve-symlinks-flag@https://registry.npmjs.org/supports-preserve-symlinks-flag/-/supports-preserve-symlinks-flag-1.0.0.tgz. Extracting by manifest.
975 silly tarball no local data for path-parse@https://registry.npmjs.org/path-parse/-/path-parse-1.0.7.tgz. Extracting by manifest.
976 silly tarball no local data for is-core-module@https://registry.npmjs.org/is-core-module/-/is-core-module-2.16.1.tgz. Extracting by manifest.
977 silly tarball no local data for source-map-js@https://registry.npmjs.org/source-map-js/-/source-map-js-1.2.1.tgz. Extracting by manifest.
978 silly tarball no local data for nanoid@https://registry.npmjs.org/nanoid/-/nanoid-3.3.11.tgz. Extracting by manifest.
979 silly tarball no local data for mime-db@https://registry.npmjs.org/mime-db/-/mime-db-1.52.0.tgz. Extracting by manifest.
980 silly tarball no local data for vite-plugin-full-reload@https://registry.npmjs.org/vite-plugin-full-reload/-/vite-plugin-full-reload-1.2.0.tgz. Extracting by manifest.
981 silly tarball no local data for dunder-proto@https://registry.npmjs.org/dunder-proto/-/dunder-proto-1.0.1.tgz. Extracting by manifest.
982 silly tarball no local data for math-intrinsics@https://registry.npmjs.org/math-intrinsics/-/math-intrinsics-1.1.0.tgz. Extracting by manifest.
983 silly tarball no local data for has-symbols@https://registry.npmjs.org/has-symbols/-/has-symbols-1.1.0.tgz. Extracting by manifest.
984 silly tarball no local data for gopd@https://registry.npmjs.org/gopd/-/gopd-1.2.0.tgz. Extracting by manifest.
985 silly tarball no local data for get-proto@https://registry.npmjs.org/get-proto/-/get-proto-1.0.1.tgz. Extracting by manifest.
986 silly tarball no local data for function-bind@https://registry.npmjs.org/function-bind/-/function-bind-1.1.2.tgz. Extracting by manifest.
987 silly tarball no local data for es-object-atoms@https://registry.npmjs.org/es-object-atoms/-/es-object-atoms-1.1.1.tgz. Extracting by manifest.
988 silly tarball no local data for es-define-property@https://registry.npmjs.org/es-define-property/-/es-define-property-1.0.1.tgz. Extracting by manifest.
989 silly tarball no local data for call-bind-apply-helpers@https://registry.npmjs.org/call-bind-apply-helpers/-/call-bind-apply-helpers-1.0.2.tgz. Extracting by manifest.
990 silly tarball no local data for has-tostringtag@https://registry.npmjs.org/has-tostringtag/-/has-tostringtag-1.0.2.tgz. Extracting by manifest.
991 silly tarball no local data for get-intrinsic@https://registry.npmjs.org/get-intrinsic/-/get-intrinsic-1.3.0.tgz. Extracting by manifest.
992 silly tarball no local data for es-errors@https://registry.npmjs.org/es-errors/-/es-errors-1.3.0.tgz. Extracting by manifest.
993 silly tarball no local data for delayed-stream@https://registry.npmjs.org/delayed-stream/-/delayed-stream-1.0.0.tgz. Extracting by manifest.
994 silly tarball no local data for mime-types@https://registry.npmjs.org/mime-types/-/mime-types-2.1.35.tgz. Extracting by manifest.
995 silly tarball no local data for hasown@https://registry.npmjs.org/hasown/-/hasown-2.0.2.tgz. Extracting by manifest.
996 silly tarball no local data for es-set-tostringtag@https://registry.npmjs.org/es-set-tostringtag/-/es-set-tostringtag-2.1.0.tgz. Extracting by manifest.
997 silly tarball no local data for combined-stream@https://registry.npmjs.org/combined-stream/-/combined-stream-1.0.8.tgz. Extracting by manifest.
998 silly tarball no local data for asynckit@https://registry.npmjs.org/asynckit/-/asynckit-0.4.0.tgz. Extracting by manifest.
999 silly tarball no local data for picomatch@https://registry.npmjs.org/picomatch/-/picomatch-4.0.3.tgz. Extracting by manifest.
1000 silly tarball no local data for @types/estree@https://registry.npmjs.org/@types/estree/-/estree-1.0.8.tgz. Extracting by manifest.
1001 silly tarball no local data for estree-walker@https://registry.npmjs.org/estree-walker/-/estree-walker-2.0.2.tgz. Extracting by manifest.
1002 silly tarball no local data for resolve@https://registry.npmjs.org/resolve/-/resolve-1.22.11.tgz. Extracting by manifest.
1003 silly tarball no local data for is-module@https://registry.npmjs.org/is-module/-/is-module-1.0.0.tgz. Extracting by manifest.
1004 silly tarball no local data for @types/resolve@https://registry.npmjs.org/@types/resolve/-/resolve-1.20.2.tgz. Extracting by manifest.
1005 silly tarball no local data for deepmerge@https://registry.npmjs.org/deepmerge/-/deepmerge-4.3.1.tgz. Extracting by manifest.
1006 silly tarball no local data for @rollup/pluginutils@https://registry.npmjs.org/@rollup/pluginutils/-/pluginutils-5.3.0.tgz. Extracting by manifest.
1007 silly tarball no local data for @rollup/plugin-node-resolve@https://registry.npmjs.org/@rollup/plugin-node-resolve/-/plugin-node-resolve-15.3.1.tgz. Extracting by manifest.
1008 silly tarball no local data for @popperjs/core@https://registry.npmjs.org/@popperjs/core/-/core-2.11.8.tgz. Extracting by manifest.
1009 silly tarball no local data for flowbite-datepicker@https://registry.npmjs.org/flowbite-datepicker/-/flowbite-datepicker-1.3.2.tgz. Extracting by manifest.
1010 silly tarball no local data for update-browserslist-db@https://registry.npmjs.org/update-browserslist-db/-/update-browserslist-db-1.2.3.tgz. Extracting by manifest.
1011 silly tarball no local data for node-releases@https://registry.npmjs.org/node-releases/-/node-releases-2.0.27.tgz. Extracting by manifest.
1012 silly tarball no local data for electron-to-chromium@https://registry.npmjs.org/electron-to-chromium/-/electron-to-chromium-1.5.267.tgz. Extracting by manifest.
1013 silly tarball no local data for proxy-from-env@https://registry.npmjs.org/proxy-from-env/-/proxy-from-env-1.1.0.tgz. Extracting by manifest.
1014 silly tarball no local data for form-data@https://registry.npmjs.org/form-data/-/form-data-4.0.5.tgz. Extracting by manifest.
1015 silly tarball no local data for postcss-value-parser@https://registry.npmjs.org/postcss-value-parser/-/postcss-value-parser-4.2.0.tgz. Extracting by manifest.
1016 silly tarball no local data for follow-redirects@https://registry.npmjs.org/follow-redirects/-/follow-redirects-1.15.11.tgz. Extracting by manifest.
1017 silly tarball no local data for fraction.js@https://registry.npmjs.org/fraction.js/-/fraction.js-5.3.4.tgz. Extracting by manifest.
1018 silly tarball no local data for picocolors@https://registry.npmjs.org/picocolors/-/picocolors-1.1.1.tgz. Extracting by manifest.
1019 silly tarball no local data for browserslist@https://registry.npmjs.org/browserslist/-/browserslist-4.28.1.tgz. Extracting by manifest.
1020 silly tarball no local data for caniuse-lite@https://registry.npmjs.org/caniuse-lite/-/caniuse-lite-1.0.30001762.tgz. Extracting by manifest.
1021 silly tarball no local data for @vue/reactivity@https://registry.npmjs.org/@vue/reactivity/-/reactivity-3.1.5.tgz. Extracting by manifest.
1022 silly tarball no local data for @vue/shared@https://registry.npmjs.org/@vue/shared/-/shared-3.1.5.tgz. Extracting by manifest.
1023 silly tarball no local data for vite@https://registry.npmjs.org/vite/-/vite-5.4.21.tgz. Extracting by manifest.
1024 silly tarball no local data for mini-svg-data-uri@https://registry.npmjs.org/mini-svg-data-uri/-/mini-svg-data-uri-1.4.4.tgz. Extracting by manifest.
1025 silly tarball no local data for flowbite@https://registry.npmjs.org/flowbite/-/flowbite-3.1.2.tgz. Extracting by manifest.
1026 silly tarball no local data for laravel-vite-plugin@https://registry.npmjs.org/laravel-vite-plugin/-/laravel-vite-plugin-1.3.0.tgz. Extracting by manifest.
1027 silly tarball no local data for axios@https://registry.npmjs.org/axios/-/axios-1.13.2.tgz. Extracting by manifest.
1028 silly tarball no local data for baseline-browser-mapping@https://registry.npmjs.org/baseline-browser-mapping/-/baseline-browser-mapping-2.9.11.tgz. Extracting by manifest.
1029 silly tarball no local data for postcss@https://registry.npmjs.org/postcss/-/postcss-8.5.6.tgz. Extracting by manifest.
1030 silly tarball no local data for autoprefixer@https://registry.npmjs.org/autoprefixer/-/autoprefixer-10.4.23.tgz. Extracting by manifest.
1031 silly tarball no local data for tailwindcss@https://registry.npmjs.org/tailwindcss/-/tailwindcss-3.4.19.tgz. Extracting by manifest.
1032 silly tarball no local data for alpinejs@https://registry.npmjs.org/alpinejs/-/alpinejs-3.15.3.tgz. Extracting by manifest.
1033 silly tarball no local data for @tailwindcss/forms@https://registry.npmjs.org/@tailwindcss/forms/-/forms-0.5.11.tgz. Extracting by manifest.
1034 silly tarball no local data for picomatch@https://registry.npmjs.org/picomatch/-/picomatch-2.3.1.tgz. Extracting by manifest.
1035 silly tarball no local data for picomatch@https://registry.npmjs.org/picomatch/-/picomatch-2.3.1.tgz. Extracting by manifest.
1036 silly tarball no local data for picomatch@https://registry.npmjs.org/picomatch/-/picomatch-2.3.1.tgz. Extracting by manifest.
1037 silly tarball no local data for glob-parent@https://registry.npmjs.org/glob-parent/-/glob-parent-5.1.2.tgz. Extracting by manifest.
1038 silly tarball no local data for picomatch@https://registry.npmjs.org/picomatch/-/picomatch-2.3.1.tgz. Extracting by manifest.
1039 silly tarball no local data for glob-parent@https://registry.npmjs.org/glob-parent/-/glob-parent-5.1.2.tgz. Extracting by manifest.
1040 silly tarball no local data for flowbite@https://registry.npmjs.org/flowbite/-/flowbite-2.5.2.tgz. Extracting by manifest.
1041 http fetch POST 200 https://registry.npmjs.org/-/npm/v1/security/advisories/bulk 384ms
1042 timing auditReport:getReport Completed in 389ms
1043 silly audit report {
1043 silly audit report   esbuild: [
1043 silly audit report     {
1043 silly audit report       id: 1102341,
1043 silly audit report       url: 'https://github.com/advisories/GHSA-67mh-4wv8-2f99',
1043 silly audit report       title: 'esbuild enables any website to send any requests to the development server and read the response',
1043 silly audit report       severity: 'moderate',
1043 silly audit report       vulnerable_versions: '<=0.24.2',
1043 silly audit report       cwe: [Array],
1043 silly audit report       cvss: [Object]
1043 silly audit report     }
1043 silly audit report   ]
1043 silly audit report }
1044 timing metavuln:packument:esbuild Completed in 1ms
1045 timing metavuln:cache:get:security-advisory:esbuild:jKdCIzePj7J1488qgRXvF8Srh9wutSuR1exB8YooNX62hT+qhtrUXYbArLNoIhgwbaCqKpmduh18syZU7BR9SA== Completed in 2ms
1046 timing metavuln:load:security-advisory:esbuild:1102341 Completed in 9ms
1047 http fetch GET 200 https://registry.npmjs.org/escalade/-/escalade-3.2.0.tgz 436ms (cache miss)
1048 timing metavuln:cache:put:security-advisory:esbuild:jKdCIzePj7J1488qgRXvF8Srh9wutSuR1exB8YooNX62hT+qhtrUXYbArLNoIhgwbaCqKpmduh18syZU7BR9SA== Completed in 128ms
1049 timing metavuln:calculate:security-advisory:esbuild:1102341 Completed in 141ms
1050 timing metavuln:packument:vite Completed in 1ms
1051 timing metavuln:cache:get:security-advisory:vite:tMBsdAS7JBTyRORp0YaJR984WAAsOxgmReSLBN0Nd41GhzEakjROICqAJ31iOdYG5Ijo/MlJ01p3ig1iN88+Tw== Completed in 13ms
1052 timing metavuln:load:security-advisory:vite:jKdCIzePj7J1488qgRXvF8Srh9wutSuR1exB8YooNX62hT+qhtrUXYbArLNoIhgwbaCqKpmduh18syZU7BR9SA== Completed in 136ms
1053 http fetch GET 200 https://registry.npmjs.org/is-number/-/is-number-7.0.0.tgz 599ms (cache miss)
1054 timing reifyNode:node_modules/is-number Completed in 674ms
1055 http fetch GET 200 https://registry.npmjs.org/fdir/-/fdir-6.5.0.tgz 653ms (cache miss)
1056 timing reifyNode:node_modules/escalade Completed in 738ms
1057 http fetch GET 200 https://registry.npmjs.org/thenify-all/-/thenify-all-1.6.0.tgz 660ms (cache miss)
1058 timing reifyNode:node_modules/thenify-all Completed in 742ms
1059 http fetch GET 200 https://registry.npmjs.org/thenify/-/thenify-3.3.1.tgz 665ms (cache miss)
1060 timing reifyNode:node_modules/thenify Completed in 743ms
1061 http fetch GET 200 https://registry.npmjs.org/object-assign/-/object-assign-4.1.1.tgz 672ms (cache miss)
1062 timing reifyNode:node_modules/object-assign Completed in 754ms
1063 http fetch GET 200 https://registry.npmjs.org/@jridgewell/resolve-uri/-/resolve-uri-3.1.2.tgz 679ms (cache miss)
1064 timing reifyNode:node_modules/fdir Completed in 765ms
1065 http fetch GET 200 https://registry.npmjs.org/esbuild/-/esbuild-0.21.5.tgz 702ms (cache miss)
1066 timing reifyNode:node_modules/esbuild Completed in 783ms
1067 timing reifyNode:node_modules/@jridgewell/resolve-uri Completed in 786ms
1068 http fetch GET 200 https://registry.npmjs.org/pirates/-/pirates-4.0.7.tgz 697ms (cache miss)
1069 timing reifyNode:node_modules/pirates Completed in 792ms
1070 http fetch GET 200 https://registry.npmjs.org/cssesc/-/cssesc-3.0.0.tgz 688ms (cache miss)
1071 http fetch GET 200 https://registry.npmjs.org/lines-and-columns/-/lines-and-columns-1.2.4.tgz 698ms (cache miss)
1072 timing reifyNode:node_modules/lines-and-columns Completed in 795ms
1073 timing metavuln:cache:put:security-advisory:vite:tMBsdAS7JBTyRORp0YaJR984WAAsOxgmReSLBN0Nd41GhzEakjROICqAJ31iOdYG5Ijo/MlJ01p3ig1iN88+Tw== Completed in 131ms
1074 timing metavuln:calculate:security-advisory:vite:jKdCIzePj7J1488qgRXvF8Srh9wutSuR1exB8YooNX62hT+qhtrUXYbArLNoIhgwbaCqKpmduh18syZU7BR9SA== Completed in 281ms
1075 timing metavuln:packument:laravel-vite-plugin Completed in 1ms
1076 http fetch GET 200 https://registry.npmjs.org/mz/-/mz-2.7.0.tgz 730ms (cache miss)
1077 http fetch GET 200 https://registry.npmjs.org/queue-microtask/-/queue-microtask-1.2.3.tgz 725ms (cache miss)
1078 timing reifyNode:node_modules/queue-microtask Completed in 826ms
1079 http fetch GET 200 https://registry.npmjs.org/pify/-/pify-2.3.0.tgz 725ms (cache miss)
1080 timing reifyNode:node_modules/pify Completed in 827ms
1081 http fetch GET 200 https://registry.npmjs.org/util-deprecate/-/util-deprecate-1.0.2.tgz 724ms (cache miss)
1082 timing reifyNode:node_modules/util-deprecate Completed in 827ms
1083 timing metavuln:cache:get:security-advisory:laravel-vite-plugin:9ymg1avCH42NR4fZ8NYT5khSLfL/79IVOPKZGY7IXG4Ax33TpuHm3lGRvmLcwNv0OiYN/pP7KmqU6VENCELRYA== Completed in 9ms
1084 timing metavuln:load:security-advisory:laravel-vite-plugin:tMBsdAS7JBTyRORp0YaJR984WAAsOxgmReSLBN0Nd41GhzEakjROICqAJ31iOdYG5Ijo/MlJ01p3ig1iN88+Tw== Completed in 24ms
1085 http fetch GET 200 https://registry.npmjs.org/tinyglobby/-/tinyglobby-0.2.15.tgz 764ms (cache miss)
1086 timing reifyNode:node_modules/cssesc Completed in 859ms
1087 timing reifyNode:node_modules/mz Completed in 868ms
1088 http fetch GET 200 https://registry.npmjs.org/camelcase-css/-/camelcase-css-2.0.1.tgz 769ms (cache miss)
1089 timing reifyNode:node_modules/camelcase-css Completed in 875ms
1090 timing reifyNode:node_modules/tinyglobby Completed in 876ms
1091 http fetch GET 200 https://registry.npmjs.org/ts-interface-checker/-/ts-interface-checker-0.1.13.tgz 794ms (cache miss)
1092 timing reifyNode:node_modules/ts-interface-checker Completed in 895ms
1093 http fetch GET 200 https://registry.npmjs.org/commander/-/commander-4.1.1.tgz 799ms (cache miss)
1094 timing reifyNode:node_modules/commander Completed in 898ms
1095 http fetch GET 200 https://registry.npmjs.org/binary-extensions/-/binary-extensions-2.3.0.tgz 804ms (cache miss)
1096 timing reifyNode:node_modules/binary-extensions Completed in 914ms
1097 http fetch GET 200 https://registry.npmjs.org/read-cache/-/read-cache-1.0.0.tgz 807ms (cache miss)
1098 timing reifyNode:node_modules/read-cache Completed in 914ms
1099 http fetch GET 200 https://registry.npmjs.org/reusify/-/reusify-1.1.0.tgz 795ms (cache miss)
1100 http fetch GET 200 https://registry.npmjs.org/is-extglob/-/is-extglob-2.1.1.tgz 810ms (cache miss)
1101 timing reifyNode:node_modules/is-extglob Completed in 918ms
1102 http fetch GET 200 https://registry.npmjs.org/to-regex-range/-/to-regex-range-5.0.1.tgz 808ms (cache miss)
1103 timing reifyNode:node_modules/to-regex-range Completed in 918ms
1104 http fetch GET 200 https://registry.npmjs.org/run-parallel/-/run-parallel-1.2.0.tgz 803ms (cache miss)
1105 timing reifyNode:node_modules/run-parallel Completed in 924ms
1106 http fetch GET 200 https://registry.npmjs.org/merge2/-/merge2-1.4.1.tgz 799ms (cache miss)
1107 timing reifyNode:node_modules/merge2 Completed in 923ms
1108 timing metavuln:cache:put:security-advisory:laravel-vite-plugin:9ymg1avCH42NR4fZ8NYT5khSLfL/79IVOPKZGY7IXG4Ax33TpuHm3lGRvmLcwNv0OiYN/pP7KmqU6VENCELRYA== Completed in 69ms
1109 timing metavuln:calculate:security-advisory:laravel-vite-plugin:tMBsdAS7JBTyRORp0YaJR984WAAsOxgmReSLBN0Nd41GhzEakjROICqAJ31iOdYG5Ijo/MlJ01p3ig1iN88+Tw== Completed in 102ms
1110 timing auditReport:init Completed in 547ms
1111 timing reify:audit Completed in 938ms
1112 http fetch GET 200 https://registry.npmjs.org/any-promise/-/any-promise-1.3.0.tgz 843ms (cache miss)
1113 http fetch GET 200 https://registry.npmjs.org/@nodelib/fs.scandir/-/fs.scandir-2.1.5.tgz 814ms (cache miss)
1114 timing reifyNode:node_modules/any-promise Completed in 940ms
1115 http fetch GET 200 https://registry.npmjs.org/is-binary-path/-/is-binary-path-2.1.0.tgz 822ms (cache miss)
1116 timing reifyNode:node_modules/is-binary-path Completed in 951ms
1117 http fetch GET 200 https://registry.npmjs.org/readdirp/-/readdirp-3.6.0.tgz 829ms (cache miss)
1118 timing reifyNode:node_modules/readdirp Completed in 957ms
1119 http fetch GET 200 https://registry.npmjs.org/braces/-/braces-3.0.3.tgz 829ms (cache miss)
1120 http fetch GET 200 https://registry.npmjs.org/@jridgewell/sourcemap-codec/-/sourcemap-codec-1.5.5.tgz 873ms (cache miss)
1121 timing reifyNode:node_modules/reusify Completed in 965ms
1122 http fetch GET 200 https://registry.npmjs.org/fastq/-/fastq-1.20.1.tgz 843ms (cache miss)
1123 timing reifyNode:node_modules/braces Completed in 969ms
1124 http fetch GET 200 https://registry.npmjs.org/anymatch/-/anymatch-3.1.3.tgz 839ms (cache miss)
1125 timing reifyNode:node_modules/anymatch Completed in 971ms
1126 http fetch GET 200 https://registry.npmjs.org/@nodelib/fs.stat/-/fs.stat-2.0.5.tgz 846ms (cache miss)
1127 timing reifyNode:node_modules/@jridgewell/sourcemap-codec Completed in 974ms
1128 timing reifyNode:node_modules/@nodelib/fs.stat Completed in 977ms
1129 http fetch GET 200 https://registry.npmjs.org/@jridgewell/gen-mapping/-/gen-mapping-0.3.13.tgz 881ms (cache miss)
1130 timing reifyNode:node_modules/@jridgewell/gen-mapping Completed in 988ms
1131 http fetch GET 200 https://registry.npmjs.org/fill-range/-/fill-range-7.1.1.tgz 861ms (cache miss)
1132 timing reifyNode:node_modules/fill-range Completed in 988ms
1133 timing reifyNode:node_modules/@nodelib/fs.scandir Completed in 998ms
1134 timing reifyNode:node_modules/fastq Completed in 999ms
1135 http fetch GET 200 https://registry.npmjs.org/postcss-nested/-/postcss-nested-6.2.0.tgz 864ms (cache miss)
1136 timing reifyNode:node_modules/postcss-nested Completed in 999ms
1137 http fetch GET 200 https://registry.npmjs.org/@nodelib/fs.walk/-/fs.walk-1.2.8.tgz 880ms (cache miss)
1138 http fetch GET 200 https://registry.npmjs.org/@jridgewell/trace-mapping/-/trace-mapping-0.3.31.tgz 923ms (cache miss)
1139 timing reifyNode:node_modules/@nodelib/fs.walk Completed in 1009ms
1140 timing reifyNode:node_modules/@jridgewell/trace-mapping Completed in 1013ms
1141 http fetch GET 200 https://registry.npmjs.org/postcss-js/-/postcss-js-4.1.0.tgz 877ms (cache miss)
1142 timing reifyNode:node_modules/postcss-js Completed in 1016ms
1143 http fetch GET 200 https://registry.npmjs.org/postcss-load-config/-/postcss-load-config-6.0.1.tgz 880ms (cache miss)
1144 timing reifyNode:node_modules/postcss-load-config Completed in 1018ms
1145 http fetch GET 200 https://registry.npmjs.org/is-glob/-/is-glob-4.0.3.tgz 901ms (cache miss)
1146 timing reifyNode:node_modules/is-glob Completed in 1052ms
1147 http fetch GET 200 https://registry.npmjs.org/postcss-selector-parser/-/postcss-selector-parser-6.1.2.tgz 932ms (cache miss)
1148 timing reifyNode:node_modules/postcss-selector-parser Completed in 1069ms
1149 http fetch GET 200 https://registry.npmjs.org/glob-parent/-/glob-parent-6.0.2.tgz 931ms (cache miss)
1150 timing reifyNode:node_modules/glob-parent Completed in 1083ms
1151 http fetch GET 200 https://registry.npmjs.org/@rollup/rollup-linux-x64-musl/-/rollup-linux-x64-musl-4.55.1.tgz 1046ms (cache miss)
1152 timing reifyNode:node_modules/@rollup/rollup-linux-x64-musl Completed in 1119ms
1153 http fetch GET 200 https://registry.npmjs.org/micromatch/-/micromatch-4.0.8.tgz 987ms (cache miss)
1154 timing reifyNode:node_modules/micromatch Completed in 1134ms
1155 http fetch GET 200 https://registry.npmjs.org/arg/-/arg-5.0.2.tgz 1004ms (cache miss)
1156 timing reifyNode:node_modules/arg Completed in 1162ms
1157 http fetch GET 200 https://registry.npmjs.org/rollup/-/rollup-4.55.1.tgz 1093ms (cache miss)
1158 timing reifyNode:node_modules/rollup Completed in 1174ms
1159 http fetch GET 200 https://registry.npmjs.org/@rollup/rollup-linux-x64-gnu/-/rollup-linux-x64-gnu-4.55.1.tgz 1144ms (cache miss)
1160 timing reifyNode:node_modules/@rollup/rollup-linux-x64-gnu Completed in 1225ms
1161 http fetch GET 200 https://registry.npmjs.org/jiti/-/jiti-1.21.7.tgz 1085ms (cache miss)
1162 timing reifyNode:node_modules/jiti Completed in 1235ms
1163 http fetch GET 200 https://registry.npmjs.org/path-parse/-/path-parse-1.0.7.tgz 1092ms (cache miss)
1164 timing reifyNode:node_modules/path-parse Completed in 1255ms
1165 http fetch GET 200 https://registry.npmjs.org/sucrase/-/sucrase-3.35.1.tgz 1129ms (cache miss)
1166 timing reifyNode:node_modules/sucrase Completed in 1263ms
1167 http fetch GET 200 https://registry.npmjs.org/object-hash/-/object-hash-3.0.0.tgz 1125ms (cache miss)
1168 timing reifyNode:node_modules/object-hash Completed in 1266ms
1169 http fetch GET 200 https://registry.npmjs.org/@alloc/quick-lru/-/quick-lru-5.2.0.tgz 1145ms (cache miss)
1170 timing reifyNode:node_modules/@alloc/quick-lru Completed in 1305ms
1171 http fetch GET 200 https://registry.npmjs.org/supports-preserve-symlinks-flag/-/supports-preserve-symlinks-flag-1.0.0.tgz 1156ms (cache miss)
1172 timing reifyNode:node_modules/supports-preserve-symlinks-flag Completed in 1317ms
1173 http fetch GET 200 https://registry.npmjs.org/is-core-module/-/is-core-module-2.16.1.tgz 1155ms (cache miss)
1174 timing reifyNode:node_modules/is-core-module Completed in 1318ms
1175 http fetch GET 200 https://registry.npmjs.org/lilconfig/-/lilconfig-3.1.3.tgz 1186ms (cache miss)
1176 timing reifyNode:node_modules/lilconfig Completed in 1335ms
1177 http fetch GET 200 https://registry.npmjs.org/fast-glob/-/fast-glob-3.3.3.tgz 1182ms (cache miss)
1178 timing reifyNode:node_modules/fast-glob Completed in 1336ms
1179 http fetch GET 200 https://registry.npmjs.org/nanoid/-/nanoid-3.3.11.tgz 1186ms (cache miss)
1180 timing reifyNode:node_modules/nanoid Completed in 1355ms
1181 http fetch GET 200 https://registry.npmjs.org/chokidar/-/chokidar-3.6.0.tgz 1221ms (cache miss)
1182 timing reifyNode:node_modules/chokidar Completed in 1378ms
1183 http fetch GET 200 https://registry.npmjs.org/dlv/-/dlv-1.1.3.tgz 1224ms (cache miss)
1184 timing reifyNode:node_modules/dlv Completed in 1379ms
1185 http fetch GET 200 https://registry.npmjs.org/mime-db/-/mime-db-1.52.0.tgz 1222ms (cache miss)
1186 timing reifyNode:node_modules/mime-db Completed in 1391ms
1187 http fetch GET 200 https://registry.npmjs.org/vite-plugin-full-reload/-/vite-plugin-full-reload-1.2.0.tgz 1216ms (cache miss)
1188 timing reifyNode:node_modules/vite-plugin-full-reload Completed in 1395ms
1189 http fetch GET 200 https://registry.npmjs.org/normalize-path/-/normalize-path-3.0.0.tgz 1249ms (cache miss)
1190 timing reifyNode:node_modules/normalize-path Completed in 1395ms
1191 http fetch GET 200 https://registry.npmjs.org/source-map-js/-/source-map-js-1.2.1.tgz 1250ms (cache miss)
1192 timing reifyNode:node_modules/source-map-js Completed in 1416ms
1193 http fetch GET 200 https://registry.npmjs.org/dunder-proto/-/dunder-proto-1.0.1.tgz 1256ms (cache miss)
1194 timing reifyNode:node_modules/dunder-proto Completed in 1438ms
1195 http fetch GET 200 https://registry.npmjs.org/has-symbols/-/has-symbols-1.1.0.tgz 1258ms (cache miss)
1196 http fetch GET 200 https://registry.npmjs.org/get-proto/-/get-proto-1.0.1.tgz 1283ms (cache miss)
1197 http fetch GET 200 https://registry.npmjs.org/function-bind/-/function-bind-1.1.2.tgz 1284ms (cache miss)
1198 timing reifyNode:node_modules/has-symbols Completed in 1470ms
1199 http fetch GET 200 https://registry.npmjs.org/gopd/-/gopd-1.2.0.tgz 1289ms (cache miss)
1200 timing reifyNode:node_modules/gopd Completed in 1477ms
1201 timing reifyNode:node_modules/get-proto Completed in 1478ms
1202 timing reifyNode:node_modules/function-bind Completed in 1479ms
1203 http fetch GET 200 https://registry.npmjs.org/math-intrinsics/-/math-intrinsics-1.1.0.tgz 1332ms (cache miss)
1204 http fetch GET 200 https://registry.npmjs.org/es-errors/-/es-errors-1.3.0.tgz 1322ms (cache miss)
1205 http fetch GET 200 https://registry.npmjs.org/es-object-atoms/-/es-object-atoms-1.1.1.tgz 1334ms (cache miss)
1206 timing reifyNode:node_modules/math-intrinsics Completed in 1524ms
1207 http fetch GET 200 https://registry.npmjs.org/get-intrinsic/-/get-intrinsic-1.3.0.tgz 1341ms (cache miss)
1208 http fetch GET 200 https://registry.npmjs.org/postcss-import/-/postcss-import-15.1.0.tgz 1395ms (cache miss)
1209 timing reifyNode:node_modules/get-intrinsic Completed in 1542ms
1210 timing reifyNode:node_modules/postcss-import Completed in 1546ms
1211 http fetch GET 200 https://registry.npmjs.org/es-define-property/-/es-define-property-1.0.1.tgz 1360ms (cache miss)
1212 timing reifyNode:node_modules/es-object-atoms Completed in 1548ms
1213 http fetch GET 200 https://registry.npmjs.org/has-tostringtag/-/has-tostringtag-1.0.2.tgz 1360ms (cache miss)
1214 timing reifyNode:node_modules/es-define-property Completed in 1550ms
1215 http fetch GET 200 https://registry.npmjs.org/call-bind-apply-helpers/-/call-bind-apply-helpers-1.0.2.tgz 1363ms (cache miss)
1216 http fetch GET 200 https://registry.npmjs.org/mime-types/-/mime-types-2.1.35.tgz 1360ms (cache miss)
1217 timing reifyNode:node_modules/mime-types Completed in 1554ms
1218 http fetch GET 200 https://registry.npmjs.org/delayed-stream/-/delayed-stream-1.0.0.tgz 1370ms (cache miss)
1219 timing reifyNode:node_modules/delayed-stream Completed in 1564ms
1220 http fetch GET 200 https://registry.npmjs.org/hasown/-/hasown-2.0.2.tgz 1371ms (cache miss)
1221 timing reifyNode:node_modules/hasown Completed in 1569ms
1222 timing reifyNode:node_modules/es-errors Completed in 1570ms
1223 timing reifyNode:node_modules/has-tostringtag Completed in 1575ms
1224 http fetch GET 200 https://registry.npmjs.org/es-set-tostringtag/-/es-set-tostringtag-2.1.0.tgz 1379ms (cache miss)
1225 http fetch GET 200 https://registry.npmjs.org/asynckit/-/asynckit-0.4.0.tgz 1378ms (cache miss)
1226 http fetch GET 200 https://registry.npmjs.org/combined-stream/-/combined-stream-1.0.8.tgz 1379ms (cache miss)
1227 timing reifyNode:node_modules/combined-stream Completed in 1577ms
1228 timing reifyNode:node_modules/es-set-tostringtag Completed in 1578ms
1229 timing reifyNode:node_modules/call-bind-apply-helpers Completed in 1579ms
1230 http fetch GET 200 https://registry.npmjs.org/@esbuild/linux-x64/-/linux-x64-0.21.5.tgz 1515ms (cache miss)
1231 http fetch GET 200 https://registry.npmjs.org/picomatch/-/picomatch-4.0.3.tgz 1376ms (cache miss)
1232 timing reifyNode:node_modules/@esbuild/linux-x64 Completed in 1589ms
1233 timing reifyNode:node_modules/picomatch Completed in 1584ms
1234 timing reifyNode:node_modules/asynckit Completed in 1584ms
1235 http fetch GET 200 https://registry.npmjs.org/is-module/-/is-module-1.0.0.tgz 1377ms (cache miss)
1236 timing reifyNode:node_modules/is-module Completed in 1589ms
1237 http fetch GET 200 https://registry.npmjs.org/estree-walker/-/estree-walker-2.0.2.tgz 1392ms (cache miss)
1238 timing reifyNode:node_modules/estree-walker Completed in 1601ms
1239 http fetch GET 200 https://registry.npmjs.org/@types/estree/-/estree-1.0.8.tgz 1419ms (cache miss)
1240 http fetch GET 200 https://registry.npmjs.org/@types/resolve/-/resolve-1.20.2.tgz 1415ms (cache miss)
1241 timing reifyNode:node_modules/@types/resolve Completed in 1628ms
1242 timing reifyNode:node_modules/@types/estree Completed in 1628ms
1243 http fetch GET 200 https://registry.npmjs.org/didyoumean/-/didyoumean-1.2.2.tgz 1489ms (cache miss)
1244 timing reifyNode:node_modules/didyoumean Completed in 1646ms
1245 http fetch GET 200 https://registry.npmjs.org/deepmerge/-/deepmerge-4.3.1.tgz 1468ms (cache miss)
1246 http fetch GET 200 https://registry.npmjs.org/resolve/-/resolve-1.22.11.tgz 1472ms (cache miss)
1247 http fetch GET 200 https://registry.npmjs.org/proxy-from-env/-/proxy-from-env-1.1.0.tgz 1458ms (cache miss)
1248 timing reifyNode:node_modules/proxy-from-env Completed in 1682ms
1249 timing reifyNode:node_modules/deepmerge Completed in 1684ms
1250 timing reifyNode:node_modules/resolve Completed in 1684ms
1251 http fetch GET 200 https://registry.npmjs.org/@rollup/plugin-node-resolve/-/plugin-node-resolve-15.3.1.tgz 1469ms (cache miss)
1252 http fetch GET 200 https://registry.npmjs.org/electron-to-chromium/-/electron-to-chromium-1.5.267.tgz 1463ms (cache miss)
1253 timing reifyNode:node_modules/electron-to-chromium Completed in 1687ms
1254 timing reifyNode:node_modules/@rollup/plugin-node-resolve Completed in 1692ms
1255 http fetch GET 200 https://registry.npmjs.org/node-releases/-/node-releases-2.0.27.tgz 1498ms (cache miss)
1256 timing reifyNode:node_modules/node-releases Completed in 1721ms
1257 http fetch GET 200 https://registry.npmjs.org/update-browserslist-db/-/update-browserslist-db-1.2.3.tgz 1502ms (cache miss)
1258 timing reifyNode:node_modules/update-browserslist-db Completed in 1722ms
1259 http fetch GET 200 https://registry.npmjs.org/@rollup/pluginutils/-/pluginutils-5.3.0.tgz 1508ms (cache miss)
1260 http fetch GET 200 https://registry.npmjs.org/form-data/-/form-data-4.0.5.tgz 1501ms (cache miss)
1261 timing reifyNode:node_modules/form-data Completed in 1728ms
1262 http fetch GET 200 https://registry.npmjs.org/postcss-value-parser/-/postcss-value-parser-4.2.0.tgz 1502ms (cache miss)
1263 timing reifyNode:node_modules/@rollup/pluginutils Completed in 1731ms
1264 timing reifyNode:node_modules/postcss-value-parser Completed in 1736ms
1265 http fetch GET 200 https://registry.npmjs.org/follow-redirects/-/follow-redirects-1.15.11.tgz 1515ms (cache miss)
1266 timing reifyNode:node_modules/follow-redirects Completed in 1744ms
1267 http fetch GET 200 https://registry.npmjs.org/picocolors/-/picocolors-1.1.1.tgz 1504ms (cache miss)
1268 timing reifyNode:node_modules/picocolors Completed in 1745ms
1269 http fetch GET 200 https://registry.npmjs.org/browserslist/-/browserslist-4.28.1.tgz 1514ms (cache miss)
1270 timing reifyNode:node_modules/browserslist Completed in 1757ms
1271 http fetch GET 200 https://registry.npmjs.org/@popperjs/core/-/core-2.11.8.tgz 1749ms (cache miss)
1272 timing reifyNode:node_modules/@popperjs/core Completed in 1974ms
1273 http fetch GET 200 https://registry.npmjs.org/@vue/shared/-/shared-3.1.5.tgz 1728ms (cache miss)
1274 timing reifyNode:node_modules/@vue/shared Completed in 1979ms
1275 http fetch GET 200 https://registry.npmjs.org/baseline-browser-mapping/-/baseline-browser-mapping-2.9.11.tgz 1751ms (cache miss)
1276 timing reifyNode:node_modules/baseline-browser-mapping Completed in 2012ms
1277 http fetch GET 200 https://registry.npmjs.org/fraction.js/-/fraction.js-5.3.4.tgz 1793ms (cache miss)
1278 timing reifyNode:node_modules/fraction.js Completed in 2031ms
1279 http fetch GET 200 https://registry.npmjs.org/picomatch/-/picomatch-2.3.1.tgz 1844ms (cache miss)
1280 timing reifyNode:node_modules/readdirp/node_modules/picomatch Completed in 2124ms
1281 http fetch GET 200 https://registry.npmjs.org/picomatch/-/picomatch-2.3.1.tgz 1901ms (cache miss)
1282 timing reifyNode:node_modules/micromatch/node_modules/picomatch Completed in 2194ms
1283 http fetch GET 200 https://registry.npmjs.org/alpinejs/-/alpinejs-3.15.3.tgz 1929ms (cache miss)
1284 timing reifyNode:node_modules/alpinejs Completed in 2198ms
1285 http fetch GET 200 https://registry.npmjs.org/@tailwindcss/forms/-/forms-0.5.11.tgz 1964ms (cache miss)
1286 http fetch GET 200 https://registry.npmjs.org/glob-parent/-/glob-parent-5.1.2.tgz 1946ms (cache miss)
1287 timing reifyNode:node_modules/fast-glob/node_modules/glob-parent Completed in 2237ms
1288 http fetch GET 200 https://registry.npmjs.org/mini-svg-data-uri/-/mini-svg-data-uri-1.4.4.tgz 1986ms (cache miss)
1289 timing reifyNode:node_modules/mini-svg-data-uri Completed in 2239ms
1290 http fetch GET 200 https://registry.npmjs.org/glob-parent/-/glob-parent-5.1.2.tgz 1965ms (cache miss)
1291 timing reifyNode:node_modules/chokidar/node_modules/glob-parent Completed in 2260ms
1292 http fetch GET 200 https://registry.npmjs.org/@vue/reactivity/-/reactivity-3.1.5.tgz 2014ms (cache miss)
1293 timing reifyNode:node_modules/@vue/reactivity Completed in 2262ms
1294 timing reifyNode:node_modules/@tailwindcss/forms Completed in 2262ms
1295 http fetch GET 200 https://registry.npmjs.org/picomatch/-/picomatch-2.3.1.tgz 1972ms (cache miss)
1296 timing reifyNode:node_modules/vite-plugin-full-reload/node_modules/picomatch Completed in 2268ms
1297 http fetch GET 200 https://registry.npmjs.org/autoprefixer/-/autoprefixer-10.4.23.tgz 2003ms (cache miss)
1298 timing reifyNode:node_modules/autoprefixer Completed in 2267ms
1299 http fetch GET 200 https://registry.npmjs.org/axios/-/axios-1.13.2.tgz 2024ms (cache miss)
1300 timing reifyNode:node_modules/axios Completed in 2283ms
1301 http fetch GET 200 https://registry.npmjs.org/vite/-/vite-5.4.21.tgz 2091ms (cache miss)
1302 timing reifyNode:node_modules/vite Completed in 2341ms
1303 http fetch GET 200 https://registry.npmjs.org/laravel-vite-plugin/-/laravel-vite-plugin-1.3.0.tgz 2085ms (cache miss)
1304 timing reifyNode:node_modules/laravel-vite-plugin Completed in 2343ms
1305 http fetch GET 200 https://registry.npmjs.org/flowbite-datepicker/-/flowbite-datepicker-1.3.2.tgz 2160ms (cache miss)
1306 timing reifyNode:node_modules/flowbite-datepicker Completed in 2378ms
1307 http fetch GET 200 https://registry.npmjs.org/picomatch/-/picomatch-2.3.1.tgz 2126ms (cache miss)
1308 timing reifyNode:node_modules/anymatch/node_modules/picomatch Completed in 2414ms
1309 http fetch GET 200 https://registry.npmjs.org/tailwindcss/-/tailwindcss-3.4.19.tgz 2186ms (cache miss)
1310 timing reifyNode:node_modules/tailwindcss Completed in 2454ms
1311 http fetch GET 200 https://registry.npmjs.org/postcss/-/postcss-8.5.6.tgz 2251ms (cache miss)
1312 timing reifyNode:node_modules/postcss Completed in 2513ms
1313 http fetch GET 200 https://registry.npmjs.org/caniuse-lite/-/caniuse-lite-1.0.30001762.tgz 2286ms (cache miss)
1314 timing reifyNode:node_modules/caniuse-lite Completed in 2531ms
1315 http fetch GET 200 https://registry.npmjs.org/flowbite/-/flowbite-3.1.2.tgz 2350ms (cache miss)
1316 timing reifyNode:node_modules/flowbite Completed in 2605ms
1317 http fetch GET 200 https://registry.npmjs.org/flowbite/-/flowbite-2.5.2.tgz 2340ms (cache miss)
1318 timing reifyNode:node_modules/flowbite-datepicker/node_modules/flowbite Completed in 2636ms
1319 timing reify:unpack Completed in 2645ms
1320 timing reify:unretire Completed in 1ms
1321 timing build:queue Completed in 11ms
1322 timing build:link:node_modules/autoprefixer Completed in 6ms
1323 timing build:link:node_modules/browserslist Completed in 6ms
1324 timing build:link:node_modules/baseline-browser-mapping Completed in 7ms
1325 timing build:link:node_modules/cssesc Completed in 6ms
1326 timing build:link:node_modules/esbuild Completed in 6ms
1327 timing build:link:node_modules/jiti Completed in 6ms
1328 timing build:link:node_modules/laravel-vite-plugin Completed in 6ms
1329 timing build:link:node_modules/mini-svg-data-uri Completed in 6ms
1330 timing build:link:node_modules/nanoid Completed in 6ms
1331 timing build:link:node_modules/resolve Completed in 6ms
1332 timing build:link:node_modules/rollup Completed in 6ms
1333 timing build:link:node_modules/sucrase Completed in 6ms
1334 timing build:link:node_modules/tailwindcss Completed in 5ms
1335 timing build:link:node_modules/update-browserslist-db Completed in 5ms
1336 timing build:link:node_modules/vite Completed in 5ms
1337 timing build:link Completed in 7ms
1338 info run esbuild@0.21.5 postinstall node_modules/esbuild node install.js
1339 info run esbuild@0.21.5 postinstall { code: 0, signal: null }
1340 timing build:run:postinstall:node_modules/esbuild Completed in 172ms
1341 timing build:run:postinstall Completed in 173ms
1342 timing build:deps Completed in 193ms
1343 timing build Completed in 193ms
1344 timing reify:build Completed in 193ms
1345 timing reify:trash Completed in 3ms
1346 timing reify:save Completed in 64ms
1347 timing reify Completed in 14465ms
1348 silly ADD
1349 silly ADD
1350 silly ADD
1351 silly ADD
1352 silly ADD
1353 silly ADD
1354 silly ADD node_modules/@rollup/rollup-linux-x64-musl
1355 silly ADD node_modules/@rollup/rollup-linux-x64-gnu
1356 silly ADD
1357 silly ADD
1358 silly ADD
1359 silly ADD
1360 silly ADD
1361 silly ADD
1362 silly ADD
1363 silly ADD
1364 silly ADD
1365 silly ADD
1366 silly ADD
1367 silly ADD
1368 silly ADD
1369 silly ADD
1370 silly ADD
1371 silly ADD
1372 silly ADD
1373 silly ADD
1374 silly ADD
1375 silly ADD
1376 silly ADD
1377 silly ADD
1378 silly ADD
1379 silly ADD node_modules/@esbuild/linux-x64
1380 silly ADD
1381 silly ADD
1382 silly ADD
1383 silly ADD
1384 silly ADD
1385 silly ADD
1386 silly ADD
1387 silly ADD
1388 silly ADD
1389 silly ADD
1390 silly ADD
1391 silly ADD
1392 silly ADD
1393 silly ADD
1394 silly ADD
1395 silly ADD
1396 silly ADD node_modules/rollup
1397 silly ADD node_modules/esbuild
1398 silly ADD node_modules/escalade
1399 silly ADD node_modules/is-number
1400 silly ADD node_modules/fdir
1401 silly ADD node_modules/thenify
1402 silly ADD node_modules/thenify-all
1403 silly ADD node_modules/object-assign
1404 silly ADD node_modules/any-promise
1405 silly ADD node_modules/@jridgewell/resolve-uri
1406 silly ADD node_modules/@jridgewell/trace-mapping
1407 silly ADD node_modules/@jridgewell/sourcemap-codec
1408 silly ADD node_modules/ts-interface-checker
1409 silly ADD node_modules/tinyglobby
1410 silly ADD node_modules/pirates
1411 silly ADD node_modules/mz
1412 silly ADD node_modules/lines-and-columns
1413 silly ADD node_modules/commander
1414 silly ADD node_modules/@jridgewell/gen-mapping
1415 silly ADD node_modules/queue-microtask
1416 silly ADD node_modules/pify
1417 silly ADD node_modules/util-deprecate
1418 silly ADD node_modules/cssesc
1419 silly ADD node_modules/camelcase-css
1420 silly ADD node_modules/read-cache
1421 silly ADD node_modules/is-extglob
1422 silly ADD node_modules/binary-extensions
1423 silly ADD node_modules/to-regex-range
1424 silly ADD node_modules/reusify
1425 silly ADD node_modules/run-parallel
1426 silly ADD node_modules/fastq
1427 silly ADD node_modules/@nodelib/fs.scandir
1428 silly ADD node_modules/merge2
1429 silly ADD node_modules/@nodelib/fs.walk
1430 silly ADD node_modules/@nodelib/fs.stat
1431 silly ADD node_modules/fill-range
1432 silly ADD node_modules/readdirp
1433 silly ADD node_modules/readdirp/node_modules/picomatch
1434 silly ADD node_modules/is-binary-path
1435 silly ADD
1436 silly ADD node_modules/braces
1437 silly ADD node_modules/anymatch
1438 silly ADD node_modules/anymatch/node_modules/picomatch
1439 silly ADD node_modules/sucrase
1440 silly ADD node_modules/postcss-selector-parser
1441 silly ADD node_modules/postcss-nested
1442 silly ADD node_modules/postcss-load-config
1443 silly ADD node_modules/postcss-js
1444 silly ADD node_modules/postcss-import
1445 silly ADD node_modules/object-hash
1446 silly ADD node_modules/normalize-path
1447 silly ADD node_modules/micromatch
1448 silly ADD node_modules/micromatch/node_modules/picomatch
1449 silly ADD node_modules/lilconfig
1450 silly ADD node_modules/jiti
1451 silly ADD node_modules/is-glob
1452 silly ADD node_modules/glob-parent
1453 silly ADD node_modules/fast-glob
1454 silly ADD node_modules/fast-glob/node_modules/glob-parent
1455 silly ADD node_modules/dlv
1456 silly ADD node_modules/didyoumean
1457 silly ADD node_modules/chokidar
1458 silly ADD node_modules/chokidar/node_modules/glob-parent
1459 silly ADD node_modules/arg
1460 silly ADD node_modules/@alloc/quick-lru
1461 silly ADD node_modules/supports-preserve-symlinks-flag
1462 silly ADD node_modules/path-parse
1463 silly ADD node_modules/is-core-module
1464 silly ADD node_modules/source-map-js
1465 silly ADD node_modules/nanoid
1466 silly ADD node_modules/mime-db
1467 silly ADD node_modules/vite-plugin-full-reload
1468 silly ADD node_modules/vite-plugin-full-reload/node_modules/picomatch
1469 silly ADD node_modules/dunder-proto
1470 silly ADD node_modules/math-intrinsics
1471 silly ADD node_modules/has-symbols
1472 silly ADD node_modules/gopd
1473 silly ADD node_modules/get-proto
1474 silly ADD node_modules/function-bind
1475 silly ADD node_modules/es-object-atoms
1476 silly ADD node_modules/es-define-property
1477 silly ADD node_modules/call-bind-apply-helpers
1478 silly ADD node_modules/has-tostringtag
1479 silly ADD node_modules/get-intrinsic
1480 silly ADD node_modules/es-errors
1481 silly ADD node_modules/delayed-stream
1482 silly ADD node_modules/mime-types
1483 silly ADD node_modules/hasown
1484 silly ADD node_modules/es-set-tostringtag
1485 silly ADD node_modules/combined-stream
1486 silly ADD node_modules/asynckit
1487 silly ADD node_modules/picomatch
1488 silly ADD node_modules/estree-walker
1489 silly ADD node_modules/@types/estree
1490 silly ADD node_modules/resolve
1491 silly ADD node_modules/is-module
1492 silly ADD node_modules/deepmerge
1493 silly ADD node_modules/@types/resolve
1494 silly ADD node_modules/@rollup/pluginutils
1495 silly ADD node_modules/@rollup/plugin-node-resolve
1496 silly ADD node_modules/flowbite-datepicker
1497 silly ADD node_modules/flowbite-datepicker/node_modules/flowbite
1498 silly ADD node_modules/@popperjs/core
1499 silly ADD node_modules/update-browserslist-db
1500 silly ADD node_modules/node-releases
1501 silly ADD node_modules/electron-to-chromium
1502 silly ADD node_modules/proxy-from-env
1503 silly ADD node_modules/form-data
1504 silly ADD node_modules/follow-redirects
1505 silly ADD node_modules/postcss-value-parser
1506 silly ADD node_modules/picocolors
1507 silly ADD node_modules/fraction.js
1508 silly ADD node_modules/caniuse-lite
1509 silly ADD node_modules/browserslist
1510 silly ADD node_modules/@vue/shared
1511 silly ADD node_modules/@vue/reactivity
1512 silly ADD node_modules/mini-svg-data-uri
1513 silly ADD node_modules/vite
1514 silly ADD node_modules/laravel-vite-plugin
1515 silly ADD node_modules/flowbite
1516 silly ADD node_modules/baseline-browser-mapping
1517 silly ADD node_modules/axios
1518 silly ADD node_modules/postcss
1519 silly ADD node_modules/autoprefixer
1520 silly ADD node_modules/alpinejs
1521 silly ADD node_modules/tailwindcss
1522 silly ADD node_modules/@tailwindcss/forms
1523 timing command:install Completed in 14487ms
1524 verbose exit 0
1525 timing npm Completed in 14526ms
1526 info ok
